key,input,solubility,smiles,TRUE
BZKPWHYZMXOIDC-UHFFFAOYSA-N,CC(NC1=NN=C(S1)[S](N)(=O)=O)=O,-1.242,CC(NC1=NN=C(S1)[S](N)(=O)=O)=O,-2.38
BSYNRYMUTXBXSQ-UHFFFAOYSA-N,C(C)(=O)OC1=CC=CC=C1C(=O)O,-1.858,C(C)(=O)OC1=CC=CC=C1C(=O)O,-1.67
ARHWPKZXBHOEEE-UHFFFAOYSA-N,C=CCOc1ccc(cc1Cl)CC(=O)O,-3.12,C=CCOc1ccc(cc1Cl)CC(=O)O,-4.4
JBDGDEWWOUBZPM-XYPYZODXSA-N,O[C@@H]2CC[C@@H](NCc1cc(Br)cc(Br)c1N)CC2,-2.199,O[C@@H]2CC[C@@H](NCc1cc(Br)cc(Br)c1N)CC2,-3.87
CEUORZQYGODEFX-UHFFFAOYSA-N,O=C1Nc2c(ccc(OCCCCN3CCN(c4c(Cl)c(Cl)ccc4)CC3)c2)CC1,-5.205,O=C1Nc2c(ccc(OCCCCN3CCN(c4c(Cl)c(Cl)ccc4)CC3)c2)CC1,-6.64
KUCQYCKVKVOKAY-UHFFFAOYSA-N,O=C1c2ccccc2C(=O)C(O)=C1C1CCC(CC1)c1ccc([Cl])cc1,-6.521,O=C1c2ccccc2C(=O)C(O)=C1C1CCC(CC1)c1ccc([Cl])cc1,-6.07
MXWJVTOOROXGIU-UHFFFAOYSA-N,CCNc1nc(nc(n1)Cl)NC(C)C,-2.817,CCNc1nc(nc(n1)Cl)NC(C)C,-3.69
KPYSYYIEGFHWSV-UHFFFAOYSA-N,C1=CC(=CC=C1C(CC(O)=O)CN)Cl,-1.776,C1=CC(=CC=C1C(CC(O)=O)CN)Cl,-1.78
ZRIHAIZYIMGOAB-UHFFFAOYSA-N,CCC(C)C1(C(=O)NC(=O)NC1=O)CC,-1.84,CCC(C)C1(C(=O)NC(=O)NC1=O)CC,-2.22
NDTSRXAMMQDVSW-UHFFFAOYSA-N,C1=C(Cl)C(=CC2=C1NC(=N[S]2(=O)=O)CSCC3=CC=CC=C3)[S](N)(=O)=O,-4.211,C1=C(Cl)C(=CC2=C1NC(=N[S]2(=O)=O)CSCC3=CC=CC=C3)[S](N)(=O)=O,-4.84
VMIYHDSEFNYJSL-UHFFFAOYSA-N,O=C1Nc2c(C(c3ncccc3)=NC1)cc(Br)cc2,-4.72,O=C1Nc2c(C(c3ncccc3)=NC1)cc(Br)cc2,-3.39
GHOSNRCGJFBJIB-UHFFFAOYSA-N,CCOC1=NC2=CC=CC(=C2N1CC3=CC=C(C=C3)C4=CC=CC=C4C5=NNN=N5)C(=O)OC(C)OC(=O)OC6CCCCC6,-7.79,CCOC1=NC2=CC=CC(=C2N1CC3=CC=C(C=C3)C4=CC=CC=C4C5=NNN=N5)C(=O)OC(C)OC(=O)OC6CCCCC6,-6.79
FFGPTBGBLSHEPO-UHFFFAOYSA-N,C1=CC=CC3=C1N(C2=C(C=CC=C2)C=C3)C(N)=O,-3.853,C1=CC=CC3=C1N(C2=C(C=CC=C2)C=C3)C(N)=O,-3.22
UJOBWOGCFQCDNV-UHFFFAOYSA-N,C1=CC=CC2=C1[NH]C3=CC=CC=C23,-3.252,C1=CC=CC2=C1[NH]C3=CC=CC=C23,-5.19
TWFZGCMQGLPBSX-UHFFFAOYSA-N,C1=CC=CC2=C1[NH]C(=N2)NC(OC)=O,-2.468,C1=CC=CC2=C1[NH]C(=N2)NC(OC)=O,-4.56
HJJDBAOLQAWBMH-YCRCPZNHSA-N,Cn1c(nnn1)SCC2=C(N3[C@@H]([C@@H](C3=O)NC(=O)/C(=N\OC)/c4csc(n4)N)SC2)C(=O)O,-3.998,Cn1c(nnn1)SCC2=C(N3[C@@H]([C@@H](C3=O)NC(=O)/C(=N\OC)/c4csc(n4)N)SC2)C(=O)O,-3.27
WDLWHQDACQUCJR-ZAMMOSSLSA-N,C/C=C/C1=C(N2[C@@H]([C@@H](C2=O)NC(=O)[C@@H](c3ccc(cc3)O)N)SC1)C(=O)O,-2.883,C/C=C/C1=C(N2[C@@H]([C@@H](C2=O)NC(=O)[C@@H](c3ccc(cc3)O)N)SC1)C(=O)O,-1.68
RZEKVGVHFLEQIL-UHFFFAOYSA-N,C2=C([N](C1=CC=C([S](N)(=O)=O)C=C1)N=C2C(F)(F)F)C3=CC=C(C=C3)C,-4.151,C2=C([N](C1=CC=C([S](N)(=O)=O)C=C1)N=C2C(F)(F)F)C3=CC=C(C=C3)C,-5.89
RDLPVSKMFDYCOR-UEKVPHQBSA-N,[C@H]13N(C(=O)[C@H]1NC([C@@H](C2=CCC=CC2)N)=O)C(=C(C)CS3)C(O)=O,-2.303,[C@H]13N(C(=O)[C@H]1NC([C@@H](C2=CCC=CC2)N)=O)C(=C(C)CS3)C(O)=O,-1.18
RKWGIWYCVPQPMF-UHFFFAOYSA-N,O=S(=O)(NC(=O)NCCC)c1ccc(Cl)cc1,-3.338,O=S(=O)(NC(=O)NCCC)c1ccc(Cl)cc1,-3.17
KXGVEGMKQFWNSR-LLQZFEROSA-N,C[C@H](CCC(=O)O)[C@H]1CC[C@@H]2[C@@]1([C@H](C[C@H]3[C@H]2CC[C@H]4[C@@]3(CC[C@H](C4)O)C)O)C,-4.878,C[C@H](CCC(=O)O)[C@H]1CC[C@@H]2[C@@]1([C@H](C[C@H]3[C@H]2CC[C@H]4[C@@]3(CC[C@H](C4)O)C)O)C,-4.62
RRGUKTPIGVIEKM-UHFFFAOYSA-N,C3=C(OCCCCC1=NN=N[N]1C2CCCCC2)C=CC4=C3CCC(N4)=O,-5.793,C3=C(OCCCCC1=NN=N[N]1C2CCCCC2)C=CC4=C3CCC(N4)=O,-4.93
AQIXAKUUQRKLND-UHFFFAOYSA-N,C1=NC(=C([NH]1)C)CSCCNC(NC#N)=NC,-2.449,C1=NC(=C([NH]1)C)CSCCNC(NC#N)=NC,-1.52
MYSWGUAQZAJSOK-UHFFFAOYSA-N,C2=C(N1CCNCC1)C(=CC4=C2N(C3CC3)C=C(C(O)=O)C4=O)F,-2.844,C2=C(N1CCNCC1)C(=CC4=C2N(C3CC3)C=C(C(O)=O)C4=O)F,-3.57
DCSUBABJRXZOMT-UHFFFAOYSA-N,O=C(c1c(OC)cc(N)c([Cl])c1)NC1C(OC)CN(CC1)CCCOc1ccc(F)cc1,-4.024,O=C(c1c(OC)cc(N)c([Cl])c1)NC1C(OC)CN(CC1)CCCOc1ccc(F)cc1,-6.78
OMFXVFTZEKFJBZ-HJTSIMOOSA-N,[C@@H]23[C@H]([C@H]1[C@]([C@@H](C(CO)=O)CC1)(C)C[C@@H]2O)CCC4=CC(=O)CC[C@]34C,-3.486,[C@@H]23[C@H]([C@H]1[C@]([C@@H](C(CO)=O)CC1)(C)C[C@@H]2O)CCC4=CC(=O)CC[C@]34C,-3.29
ITRJWOMZKQRYTA-RFZYENFJSA-N,[C@]34([C@H]([C@H]2[C@@H]([C@@]1(C(=CC(=O)CC1)CC2)C)C(C3)=O)CC[C@@]4(C(COC(C)=O)=O)O)C,-4.445,[C@]34([C@H]([C@H]2[C@@H]([C@@]1(C(=CC(=O)CC1)CC2)C)C(C3)=O)CC[C@@]4(C(COC(C)=O)=O)O)C,-4.22
PMATZTZNYRCHOR-UHFFFAOYSA-N,CCC1C(=O)N(CC(=O)N(C(C(=O)NC(C(=O)N(C(C(=O)NC(C(=O)NC(C(=O)N(C(C(=O)N(C(C(=O)N(C(C(=O)N(C(C(=O)N1)C(C(C)CC=CC)O)C)C(C)C)C)CC(C)C)C)CC(C)C)C)C)C)CC(C)C)C)C(C)C)CC(C)C)C)C,-4.559,CCC1C(=O)N(CC(=O)N(C(C(=O)NC(C(=O)N(C(C(=O)NC(C(=O)NC(C(=O)N(C(C(=O)N(C(C(=O)N(C(C(=O)N(C(C(=O)N1)C(C(C)CC=CC)O)C)C(C)C)C)CC(C)C)C)CC(C)C)C)C)C)CC(C)C)C)C(C)C)CC(C)C)C)C,-5.03
ZQSIJRDFPHDXIC-UHFFFAOYSA-N,c1cc(ccc1c2coc3cc(ccc3c2=O)O)O,-4.501,c1cc(ccc1c2coc3cc(ccc3c2=O)O)O,-5.23
HCYAFALTSJYZDH-UHFFFAOYSA-N,CNCCCN1c2ccccc2CCc3c1cccc3,-3.321,CNCCCN1c2ccccc2CCc3c1cccc3,-3.83
UREBDLICKHMUKA-CXSFZGCWSA-N,C[C@@H]1C[C@H]2[C@@H]3CCC4=CC(=O)C=C[C@@]4([C@]3([C@H](C[C@@]2([C@]1(C(=O)CO)O)C)O)F)C,-3.198,C[C@@H]1C[C@H]2[C@@H]3CCC4=CC(=O)C=C[C@@]4([C@]3([C@H](C[C@@]2([C@]1(C(=O)CO)O)C)O)F)C,-3.56
GDLBFKVLRPITMI-UHFFFAOYSA-N,C1=C2C(=CC(=C1)Cl)[S](N=C(N2)C)(=O)=O,-3.3,C1=C2C(=CC(=C1)Cl)[S](N=C(N2)C)(=O)=O,-3.43
DCOPUUMXTXDBNB-UHFFFAOYSA-N,C1=C(C(=CC=C1)CC(=O)O)NC2=C(C=CC=C2Cl)Cl,-4.661,C1=C(C(=CC=C1)CC(=O)O)NC2=C(C=CC=C2Cl)Cl,-5.34
BOBLHFUVNSFZPJ-JOYXJVLSSA-N,C[C@H]1C[C@H]2[C@@H]3C[C@@H](C4=CC(=O)C=C[C@@]4([C@]3([C@H](C[C@@]2([C@]1(C(=O)COC(=O)C)OC(=O)C)C)O)F)C)F,-5.476,C[C@H]1C[C@H]2[C@@H]3C[C@@H](C4=CC(=O)C=C[C@@]4([C@]3([C@H](C[C@@]2([C@]1(C(=O)COC(=O)C)OC(=O)C)C)O)F)C)F,-4.82
NOCJXYPHIIZEHN-UHFFFAOYSA-N,C2=C(N1CCN(C)CC1)C(=CC4=C2N(C3=CC=C(F)C=C3)C=C(C(O)=O)C4=O)F,-4.148,C2=C(N1CCN(C)CC1)C(=CC4=C2N(C3=CC=C(F)C=C3)C=C(C(O)=O)C4=O)F,-3.83
HSUGRBWQSSZJOP-RTWAWAEBSA-N,[C@@H]1([C@H](C(N(CCN(C)C)C2=C(S1)C=CC=C2)=O)OC(C)=O)C3=CC=C(OC)C=C3,-3.998,[C@@H]1([C@H](C(N(CCN(C)C)C2=C(S1)C=CC=C2)=O)OC(C)=O)C3=CC=C(OC)C=C3,-3.02
DMBHHRLKUKUOEG-UHFFFAOYSA-N,c1ccc(cc1)Nc2ccccc2,-3.038,c1ccc(cc1)Nc2ccccc2,-3.53
WTDRDQBEARUVNC-LURJTMIESA-N,OC1=C(C=CC(=C1)C[C@H](N)C(=O)O)O,-1.193,OC1=C(C=CC(=C1)C[C@H](N)C(=O)O)O,-1.76
GBXSMTUPTTWBMN-XIRDDKMYSA-N,[C@@H]2(N(C([C@@H](N[C@@H](CCC1=CC=CC=C1)C(OCC)=O)C)=O)CCC2)C(O)=O,-2.524,[C@@H]2(N(C([C@@H](N[C@@H](CCC1=CC=CC=C1)C(OCC)=O)C)=O)CCC2)C(O)=O,-1.36
VOXZDWNPVJITMN-SFFUCWETSA-N,C[C@]12CC[C@@H]3c4ccc(cc4CC[C@H]3[C@@H]1CC[C@H]2O)O,-3.691,C[C@]12CC[C@@H]3c4ccc(cc4CC[C@H]3[C@@H]1CC[C@H]2O)O,-5
DNXHEGUUPJUMQT-CBZIJGRNSA-N,[C@H]34[C@H]2[C@@H](C1=C(C=C(O)C=C1)CC2)CC[C@@]3(C(=O)CC4)C,-4.824,[C@H]34[C@H]2[C@@H](C1=C(C=C(O)C=C1)CC2)CC[C@@]3(C(=O)CC4)C,-5.38
OUZWUKMCLIBBOG-UHFFFAOYSA-N,C1=C(OCC)C=CC2=C1SC(=N2)[S](N)(=O)=O,-2.408,C1=C(OCC)C=CC2=C1SC(=N2)[S](N)(=O)=O,-3.76
VJJPUSNTGOMMGY-MRAJQDPKSA-N,[C@H]1(C5=C([C@H](C2[C@@H]1C(OC2)=O)O[C@@H]3O[C@H]4[C@H]([C@@H]([C@H]3O)O)O[C@@H](OC4)C)C=C6C(=C5)OCO6)C7=CC(=C(C(=C7)OC)O)OC,-3.814,[C@H]1(C5=C([C@H](C2[C@@H]1C(OC2)=O)O[C@@H]3O[C@H]4[C@H]([C@@H]([C@H]3O)O)O[C@@H](OC4)C)C=C6C(=C5)OCO6)C7=CC(=C(C(=C7)OC)O)OC,-3.6
WEEGYLXZBRQIMU-UHFFFAOYSA-N,CC1(C2CCC(O1)(CC2)C)C,-2.442,CC1(C2CCC(O1)(CC2)C)C,-1.66
ZPAKPRAICRBAOD-UHFFFAOYSA-N,O=C(O)CCC(=O)c1ccc(cc1)c1ccccc1,-3.503,O=C(O)CCC(=O)c1ccc(cc1)c1ccccc1,-5.18
DPSPPJIUMHPXMA-UHFFFAOYSA-N,O=C1C(C(O)=O)=CN2C(C)CCc3c2c1cc(F)c3,-3.436,O=C1C(C(O)=O)=CN2C(C)CCc3c2c1cc(F)c3,-3.9
SYTBZMRGLBWNTM-UHFFFAOYSA-N,O=C(O)C(C)c1cc(F)c(cc1)c1ccccc1,-3.792,O=C(O)C(C)c1cc(F)c(cc1)c1ccccc1,-4.34
OVBPIULPVIDEAO-LBPRGKRZSA-N,[C@H](NC(C3=CC=C(NCC1=NC2=C(N=C1)NC(=NC2=O)N)C=C3)=O)(CCC(O)=O)C(O)=O,-3.651,[C@H](NC(C3=CC=C(NCC1=NC2=C(N=C1)NC(=NC2=O)N)C=C3)=O)(CCC(O)=O)C(O)=O,-5.96
IRSCQMHQWWYFCW-UHFFFAOYSA-N,C1=NC2=C([N]1COC(CO)CO)NC(=NC2=O)N,-1.202,C1=NC2=C([N]1COC(CO)CO)NC(=NC2=O)N,-1.78
ZJJXGWJIGJFDTL-UHFFFAOYSA-N,C1=CC(=CC=C1[S](NC(NC2CCCCC2)=O)(=O)=O)CCNC(C3=NC=C(N=C3)C)=O,-4.718,C1=CC(=CC=C1[S](NC(NC2CCCCC2)=O)(=O)=O)CCNC(C3=NC=C(N=C3)C)=O,-5.61
DDUHZTYCFQRHIY-RBHXEPJQSA-N,C[C@@H]1CC(=O)C=C([C@]12C(=O)c3c(cc(c(c3O2)Cl)OC)OC)OC,-4.818,C[C@@H]1CC(=O)C=C([C@]12C(=O)c3c(cc(c(c3O2)Cl)OC)OC)OC,-4.52
LNEPOXFFQSENCJ-UHFFFAOYSA-N,O=C(c1ccc(F)cc1)CCCN1CCC(CC1)(O)c1ccc([Cl])cc1,-4.201,O=C(c1ccc(F)cc1)CCCN1CCC(CC1)(O)c1ccc([Cl])cc1,-5.71
XYFPWWZEPKGCCK-GOSISDBHSA-N,C=CC(=O)N1CCC[C@H](C1)n2c3c(c(n2)c4ccc(cc4)Oc5ccccc5)c(ncn3)N,-5.963,C=CC(=O)N1CCC[C@H](C1)n2c3c(c(n2)c4ccc(cc4)Oc5ccccc5)c(ncn3)N,-4.85
CBVCZFGXHXORBI-PXQQMZJSSA-N,O[C@@H]1(Cc2ccccc2[C@@H]1(NC(=O)[C@H](Cc1ccccc1)(C[C@@H](CN1[C@@H](CN(CC1)Cc1cnccc1)(C(=O)NC(C)(C)C))(O)))),-3.3,O[C@@H]1(Cc2ccccc2[C@@H]1(NC(=O)[C@H](Cc1ccccc1)(C[C@@H](CN1[C@@H](CN(CC1)Cc1cnccc1)(C(=O)NC(C)(C)C))(O)))),-4.53
CGIGDMFJXJATDK-UHFFFAOYSA-N,C1=CC(=CC2=C1[N](C(=C2CC(O)=O)C)C(C3=CC=C(Cl)C=C3)=O)OC,-5.469,C1=CC(=CC2=C1[N](C(=C2CC(O)=O)C)C(C3=CC=C(Cl)C=C3)=O)OC,-5.48
RJMIEHBSYVWVIN-UHFFFAOYSA-N,C1=CC(=CC=C1N2C(C3=C(C2)C=CC=C3)=O)C(C(O)=O)C,-3.845,C1=CC(=CC=C1N2C(C3=C(C2)C=CC=C3)=O)C(C(O)=O)C,-4.65
XMAYWYJOQHXEEK-OZXSUGGESA-N,[C@]4(C1=CC=C(C=C1Cl)Cl)(O[C@@H](COC3=CC=C(N2CCN(C(C)=O)CC2)C=C3)CO4)C[N]5C=CN=C5,-4.588,[C@]4(C1=CC=C(C=C1Cl)Cl)(O[C@@H](COC3=CC=C(N2CCN(C(C)=O)CC2)C=C3)CO4)C[N]5C=CN=C5,-5.47
QSLMDECMDJKHMQ-UHFFFAOYSA-N,CNCCCC12c3c(cccc3)C(CC1)c3c2cccc3,-3.968,CNCCCC12c3c(cccc3)C(CC1)c3c2cccc3,-4.62
AQCHWTWZEMGIFD-UHFFFAOYSA-N,CC2Nc1cc(Cl)c(cc1C(=O)N2c3ccccc3C)S(N)(=O)=O,-3.725,CC2Nc1cc(Cl)c(cc1C(=O)N2c3ccccc3C)S(N)(=O)=O,-3.88
BLXXJMDCKKHMKV-UHFFFAOYSA-N,C(=O)(CCc1cc2c(cc(OC)cc2)cc1)C,-4.219,C(=O)(CCc1cc2c(cc(OC)cc2)cc1)C,-4.4
CMWTZPSULFXXJA-UHFFFAOYSA-N,C1=C2C(=CC=C1C(C(O)=O)C)C=C(OC)C=C2,-3.469,C1=C2C(=CC=C1C(C(O)=O)C)C=C(OC)C=C2,-4.23
QAGYKUNXZHXKMR-HKWSIXNMSA-N,Cc1c(cccc1O)C(=O)N[C@H]([C@@H](CN1[C@@H](C[C@]2([C@@](C1)(CCCC2)([H]))([H]))(C(=O)NC(C)(C)C))(O))(CSc1ccccc1),-4.608,Cc1c(cccc1O)C(=O)N[C@H]([C@@H](CN1[C@@H](C[C@]2([C@@](C1)(CCCC2)([H]))([H]))(C(=O)NC(C)(C)C))(O))(CSc1ccccc1),-6.21
NQDJXKOVJZTUJA-UHFFFAOYSA-N,C4=NC1=C(NC(C3=C(N1C2CC2)N=CC=C3)=O)C(=C4)C,-3.588,C4=NC1=C(NC(C3=C(N1C2CC2)N=CC=C3)=O)C(=C4)C,-3.41
HYIMSNHJOBLJNT-UHFFFAOYSA-N,C1=CC=CC(=C1C2C(=C(NC(=C2C(OC)=O)C)C)C(OC)=O)[N+]([O-])=O,-5.581,C1=CC=CC(=C1C2C(=C(NC(=C2C(OC)=O)C)C)C(OC)=O)[N+]([O-])=O,-4.71
HYWYRSMBCFDLJT-UHFFFAOYSA-N,C1=C([N+](=O)[O-])C=CC(=C1OC2=CC=CC=C2)N[S](C)(=O)=O,-3.888,C1=C([N+](=O)[O-])C=CC(=C1OC2=CC=CC=C2)N[S](C)(=O)=O,-4.74
OGJPXUAPXNRGGI-UHFFFAOYSA-N,C1=C3C(=CC(=C1N2CCNCC2)F)C(C(=CN3CC)C(O)=O)=O,-2.594,C1=C3C(=CC(=C1N2CCNCC2)F)C(C(=CN3CC)C(O)=O)=O,-2.88
PHVGLTMQBUFIQQ-UHFFFAOYSA-N,C1=CC=CC2=C1C(C3=C(CC2)C=CC=C3)=CCCNC,-3.771,C1=CC=CC2=C1C(C3=C(CC2)C=CC=C3)=CCCNC,-3.93
AKNNEGZIBPJZJG-MSOLQXFVSA-N,[C@@H]3(C1=C(C=C2C(=C1OC)OCO2)CCN3C)[C@@H]5C4=C(C(=C(OC)C=C4)OC)C(O5)=O,-3.549,[C@@H]3(C1=C(C=C2C(=C1OC)OCO2)CCN3C)[C@@H]5C4=C(C(=C(OC)C=C4)OC)C(O5)=O,-4.48
GSDSWSVVBLHKDQ-UHFFFAOYSA-N,CC1COc2c3n1cc(c(=O)c3cc(c2N4CCN(CC4)C)F)C(=O)O,-2.686,CC1COc2c3n1cc(c(=O)c3cc(c2N4CCN(CC4)C)F)C(=O)O,-2.03
ADIMAYPTOBDMTL-UHFFFAOYSA-N,C1=C(Cl)C=CC2=C1C(=NC(O)C(N2)=O)C3=CC=CC=C3,-4.183,C1=C(Cl)C=CC2=C1C(=NC(O)C(N2)=O)C3=CC=CC=C3,-4.03
HFHZKZSRXITVMK-UHFFFAOYSA-N,C3=C(N1C(=O)C(CCCC)C(N1C2=CC=CC=C2)=O)C=CC(=C3)O,-4.469,C3=C(N1C(=O)C(CCCC)C(N1C2=CC=CC=C2)=O)C=CC(=C3)O,-3.94
XQYZDYMELSJDRZ-UHFFFAOYSA-N,C1=C(OC)C(=CC2=CC=NC(=C12)CC3=CC=C(C(=C3)OC)OC)OC,-4.898,C1=C(OC)C(=CC2=CC=NC(=C12)CC3=CC=C(C(=C3)OC)OC)OC,-4.33
RGCVKNLCSQQDEP-UHFFFAOYSA-N,C1=C(Cl)C=CC3=C1N(C2=C(C=CC=C2)S3)CCCN4CCN(CCO)CC4,-3.094,C1=C(Cl)C=CC3=C1N(C2=C(C=CC=C2)S3)CCCN4CCN(CCO)CC4,-4.48
CPJSUEIXXCENMM-UHFFFAOYSA-N,C1=CC(=CC=C1NC(C)=O)OCC,-2.316,C1=CC(=CC=C1NC(C)=O)OCC,-2.3
QPFYXYFORQJZEC-UHFFFAOYSA-N,C1=C(C(=NC(=C1)N)N)N=NC2=CC=CC=C2,-3.243,C1=C(C(=NC(=C1)N)N)N=NC2=CC=CC=C2,-4.02
JZQKKSLKJUAGIC-UHFFFAOYSA-N,C1=C[NH]C2=C1C(=CC=C2)OCC(CNC(C)C)O,-1.459,C1=C[NH]C2=C1C(=CC=C2)OCC(CNC(C)C)O,-3.75
TUZYXOIXSAXUGO-UHFFFAOYSA-N,C(=O)(OC1C2C(C=CC(C2CCC(O)CC(O)CC(=O)O)C)=CC(O)C1)C(CC)C,-3.452,C(=O)(OC1C2C(C=CC(C2CCC(O)CC(O)CC(=O)O)C)=CC(O)C1)C(CC)C,-4.86
VHRSUDSXCMQTMA-UHFFFAOYSA-N,C(=O)(C1(C2(C(C3C(C4(C(=CC(=O)C=C4)C(C3)C)C)C(O)C2)CC1)C)O)CO,-3.109,C(=O)(C1(C2(C(C3C(C4(C(=CC(=O)C=C4)C(C3)C)C)C(O)C2)CC1)C)O)CO,-3.33
DQMZLTXERSFNPB-UHFFFAOYSA-N,C1=CC=CC=C1C2(C(NCNC2=O)=O)CC,-2.165,C1=CC=CC=C1C2(C(NCNC2=O)=O)CC,-2.53
DBABZHXKTCFAPX-UHFFFAOYSA-N,C1=CC(=CC=C1[S](N(CCC)CCC)(=O)=O)C(O)=O,-2.334,C1=CC(=CC=C1[S](N(CCC)CCC)(=O)=O)C(O)=O,-4.83
ZGUGWUXLJSTTMA-UHFFFAOYSA-N,C1=CC=CC3=C1N(C2=C(C=CC=C2)S3)CCCN(C)C,-3.662,C1=CC=CC3=C1N(C2=C(C=CC=C2)S3)CCCN(C)C,-4.45
PWWVAXIEGOYWEE-UHFFFAOYSA-N,C1=CC=CC2=C1N(C3=C(S2)C=CC=C3)CC(C)N(C)C,-3.707,C1=CC=CC2=C1N(C3=C(S2)C=CC=C3)CC(C)N(C)C,-4.38
FAEKWTJYAYMJKF-QHCPKHFHSA-N,[C@H](C2=C(N1CCCCC1)C=CC=C2)(NC(CC3=CC=C(C(=C3)OCC)C(O)=O)=O)CC(C)C,-5.146,[C@H](C2=C(N1CCCCC1)C=CC=C2)(NC(CC3=CC=C(C(=C3)OCC)C(O)=O)=O)CC(C)C,-4.77
LUKBXSAWLPMMSZ-OWOJBTEDSA-N,c1cc(ccc1/C=C/c2cc(cc(c2)O)O)O,-2.939,c1cc(ccc1/C=C/c2cc(cc(c2)O)O)O,-3.75
NCDNCNXCDXHOMX-XGKFQTDJSA-N,[C@H](CC1=CC=CC=C1)(C[C@@H]([C@H](CC2=CC=CC=C2)NC(OCC3=CN=CS3)=O)O)NC([C@@H](NC(N(CC4=CSC(=N4)C(C)C)C)=O)C(C)C)=O,-5.164,[C@H](CC1=CC=CC=C1)(C[C@@H]([C@H](CC2=CC=CC=C2)NC(OCC3=CN=CS3)=O)O)NC([C@@H](NC(N(CC4=CSC(=N4)C(C)C)C)=O)C(C)C)=O,-5.17
RZJQGNCSTQAWON-UHFFFAOYSA-N,C1=CC(=CC=C1C3=C(C2=CC=CC=C2)C(=O)OC3)[S](C)(=O)=O,-4.411,C1=CC(=CC=C1C3=C(C2=CC=CC=C2)C(=O)OC3)[S](C)(=O)=O,-4.61
LXMSZDCAJNLERA-ZHYRCANASA-N,[C@@]45([C@@]3([C@H]([C@H]2[C@@H]([C@@]1(C(=CC(=O)CC1)C[C@H]2SC(C)=O)C)CC3)CC4)C)OC(=O)CC5,-5.671,[C@@]45([C@@]3([C@H]([C@H]2[C@@H]([C@@]1(C(=CC(=O)CC1)C[C@H]2SC(C)=O)C)CC3)CC4)C)OC(=O)CC5,-4.21
QMGVPVSNSZLJIA-FVWCLLPLSA-N,c1ccc2c(c1)[C@]34CCN5[C@H]3C[C@@H]6[C@@H]7[C@@H]4N2C(=O)C[C@@H]7OCC=C6C5,-3.326,c1ccc2c(c1)[C@]34CCN5[C@H]3C[C@@H]6[C@@H]7[C@@H]4N2C(=O)C[C@@H]7OCC=C6C5,-3.38
OQANPHBRHBJGNZ-BKUYFWCQSA-N,C2=C([S](=O)(=O)NC1=CC=CC=N1)C=CC(=C2)N\N=C3/C=C(C(=O)C=C3)C(O)=O,-4.488,C2=C([S](=O)(=O)NC1=CC=CC=N1)C=CC(=C2)N\N=C3/C=C(C(=O)C=C3)C(O)=O,-6.41
JNMRHUJNCSQMMB-UHFFFAOYSA-N,C2=CN=C(N[S](=O)(=O)C1=CC=C(C=C1)N)S2,-2.889,C2=CN=C(N[S](=O)(=O)C1=CC=C(C=C1)N)S2,-2.62
YZMCKZRAOLZXAZ-UHFFFAOYSA-N,Cc1cc(nc(n1)C)NS(=O)(=O)c2ccc(cc2)N,-3.215,Cc1cc(nc(n1)C)NS(=O)(=O)c2ccc(cc2)N,-2.16
NHUHCSRWZMLRLA-UHFFFAOYSA-N,O=S(=O)(c1ccc(cc1)N)Nc2c(c(no2)C)C,-2.984,O=S(=O)(c1ccc(cc1)N)Nc2c(c(no2)C)C,-3.13
MLKXDPUZXIRXEP-MFOYZWKCSA-N,C1=CC(=CC2=C1C(/C(=C2CC(O)=O)C)=C\C3=CC=C([S](C)=O)C=C3)F,-5.493,C1=CC(=CC2=C1C(/C(=C2CC(O)=O)C)=C\C3=CC=C([S](C)=O)C=C3)F,-4.96
GKCBAIGFKIBETG-UHFFFAOYSA-N,CCCCNc1ccc(cc1)C(=O)OCCN(C)C,-2.17,CCCCNc1ccc(cc1)C(=O)OCCN(C)C,-3.11
JYHCQVWYCGHXGP-BPPSBWQWSA-N,[C@@H]23C[C@@H]1[C@](O)(C4=C(C(=C1C(=O)[C@]2(O)C(=O)\C(C(=O)[C@H]3N(C)C)=C(/O)N)O)C(=CC=C4)O)C,-2.601,[C@@H]23C[C@@H]1[C@](O)(C4=C(C(=C1C(=O)[C@]2(O)C(=O)\C(C(=O)[C@H]3N(C)C)=C(/O)N)O)C(=CC=C4)O)C,-3.22
SRVJKTDHMYAMHA-WUXMJOGZSA-N,C1=C(C=CC(=C1)NC(=O)C)/C=N/NC(=S)N,-3.015,C1=C(C=CC(=C1)NC(=O)C)/C=N/NC(=S)N,-3.5
GFNANZIMVAIWHM-OBYCQNJPSA-N,[C@]23([C@H]([C@H]1[C@]([C@](C(CO)=O)(O)[C@@H](C1)O)(C)C[C@@H]2O)CCC4=CC(=O)C=C[C@]34C)F,-2.419,[C@]23([C@H]([C@H]1[C@]([C@](C(CO)=O)(O)[C@@H](C1)O)(C)C[C@@H]2O)CCC4=CC(=O)C=C[C@]34C)F,-3.52
FNYLWPVRPXGIIP-UHFFFAOYSA-N,C3=C(C1=C(N=C2C(=N1)C(=NC(=N2)N)N)N)C=CC=C3,-3.734,C3=C(C1=C(N=C2C(=N1)C(=NC(=N2)N)N)N)C=CC=C3,-4.11
QTXVAVXCBMYBJW-UHFFFAOYSA-N,C3=C(C(C1=C(OC2=C(C1=O)C=CC=C2)O)CC(=O)C)C=CC=C3,-4.905,C3=C(C(C1=C(OC2=C(C1=O)C=CC=C2)O)CC(=O)C)C=CC=C3,-4.78
LRFVTYWOQMYALW-UHFFFAOYSA-N,N1C(C2=C(NC1=O)N=C[NH]2)=O,-3.102,N1C(C2=C(NC1=O)N=C[NH]2)=O,-3.6
DKNWSYNQZKUICI-UHFFFAOYSA-N,C12(N)CC3CC(C1)CC(C2)C3,-1.253,C12(N)CC3CC(C1)CC(C2)C3,-2.19
IYIKLHRQXLHMJQ-UHFFFAOYSA-N,C1=CC=CC2=C1C(=C(O2)CCCC)C(=O)C3=CC(=C(OCCN(CC)CC)C(=C3)I)I,-6.949,C1=CC=CC2=C1C(=C(O2)CCCC)C(=O)C3=CC(=C(OCCN(CC)CC)C(=C3)I)I,-10.4
OVCDSSHSILBFBN-UHFFFAOYSA-N,C1=CC(=CC2=NC=CC(=C12)NC3=CC=C(C(=C3)CN(CC)CC)O)Cl,-4.538,C1=CC(=CC2=NC=CC(=C12)NC3=CC=C(C(=C3)CN(CC)CC)O)Cl,-5.49
VHYCDWMUTMEGQY-UHFFFAOYSA-N,CC(C)NCC(COc1ccc(cc1)COCCOC(C)C)O,-1.763,CC(C)NCC(COc1ccc(cc1)COCCOC(C)C)O,-2.09
OZVBMTJYIDMWIL-AYFBDAFISA-N,[C@@]56(N(C([C@@](NC([C@@H]4C=C3C1=CC=CC2=C1C(=C(Br)[NH]2)C[C@H]3N(C4)C)=O)(C(C)C)O5)=O)[C@H](C(=O)N7[C@H]6CCC7)CC(C)C)O,-5.005,[C@@]56(N(C([C@@](NC([C@@H]4C=C3C1=CC=CC2=C1C(=C(Br)[NH]2)C[C@H]3N(C4)C)=O)(C(C)C)O5)=O)[C@H](C(=O)N7[C@H]6CCC7)CC(C)C)O,-5.5
RMRJXGBAOAMLHD-LDFHUFRKSA-N,O[C@]([C@@H]1([C@]2([C@H]3([C@]45([C@@]([C@H]([N@@](CC4)(CC4CC4))(Cc4c5c(O3)c(O)cc4))(C1)(CC2))))(OC)))(C(C)(C)C)(C),-4.881,O[C@]([C@@H]1([C@]2([C@H]3([C@]45([C@@]([C@H]([N@@](CC4)(CC4CC4))(Cc4c5c(O3)c(O)cc4))(C1)(CC2))))(OC)))(C(C)(C)C)(C),-6.07
WSPOMRSOLSGNFJ-AUWJEWJLSA-N,C1=C(Cl)C=CC3=C1\C(C2=C(C=CC=C2)S3)=C/CCN(C)C,-5.158,C1=C(Cl)C=CC3=C1\C(C2=C(C=CC=C2)S3)=C/CCN(C)C,-5.99
WDQPAMHFFCXSNU-UHFFFAOYSA-N,C1=CC=CC3=C1N(C2=CC(=NC(C)C)C(=CC2=N3)NC4=CC=C(Cl)C=C4)C5=CC=C(Cl)C=C5,-8.656,C1=CC=CC3=C1N(C2=CC(=NC(C)C)C(=CC2=N3)NC4=CC=C(Cl)C=C4)C5=CC=C(Cl)C=C5,-9.05
VFLDPWHFBUODDF-FCXRPNKRSA-N,Oc1ccc(cc1OC)/C=C/C(=O)CC(=O)/C=C/c2ccc(O)c(OC)c2,-5.139,Oc1ccc(cc1OC)/C=C/C(=O)CC(=O)/C=C/c2ccc(O)c(OC)c2,-5.36
POZRVZJJTULAOH-LHZXLZLDSA-N,[C@@H]23[C@H]([C@H]1[C@]([C@@](C#C)(O)CC1)(C)CC2)CCC4=CC5=C(C[C@]34C)C=NO5,-5.238,[C@@H]23[C@H]([C@H]1[C@]([C@@](C#C)(O)CC1)(C)CC2)CCC4=CC5=C(C[C@]34C)C=NO5,-6.1
BXZVVICBKDXVGW-NKWVEPMBSA-N,O=C1c2c(N=CN1)[n@@](cn2)([C@@H]1(O[C@H](CO)(CC1))),-1.346,O=C1c2c(N=CN1)[n@@](cn2)([C@@H]1(O[C@H](CO)(CC1))),-1.24
HUPFGZXOMWLGNK-UHFFFAOYSA-N,C2=C(C1=CC=C(C(=C1)C(O)=O)O)C(=CC(=C2)F)F,-3.897,C2=C(C1=CC=C(C(=C1)C(O)=O)O)C(=CC(=C2)F)F,-4.99
ZZVUWRFHKOJYTH-UHFFFAOYSA-N,CN(C)CCOC(c1ccccc1)c2ccccc2,-2.565,CN(C)CCOC(c1ccccc1)c2ccccc2,-3.21
INOYCBNLWYEPSB-XHSDSOJGSA-N,CC[C@@]1(OC[C@@H](O1)[C@@H]2CCCCN2)c3ccccc3,-2.27,CC[C@@]1(OC[C@@H](O1)[C@@H]2CCCCN2)c3ccccc3,-1.96
OLNTVTPDXPETLC-XPWALMASSA-N,O[C@@H](CC[C@@H]1([C@H](N(C1=O)c1ccc(F)cc1)(c1ccc(O)cc1)))(c1ccc(F)cc1),-5.335,O[C@@H](CC[C@@H]1([C@H](N(C1=O)c1ccc(F)cc1)(c1ccc(O)cc1)))(c1ccc(F)cc1),-4.94
JIEKMACRVQTPRC-UHFFFAOYSA-N,c1ccc(cc1)c2nc(c(s2)CC(=O)O)c3ccc(cc3)Cl,-5.493,c1ccc(cc1)c2nc(c(s2)CC(=O)O)c3ccc(cc3)Cl,-5.84
OIRFJRBSRORBCM-UHFFFAOYSA-N,C1=C(C(=C(C(=C1I)CC(C(O)=O)CC)I)N)I,-3.598,C1=C(C(=C(C(=C1I)CC(C(O)=O)CC)I)N)I,-5.49
VHVPQPYKVGDNFY-ZPGVKDDISA-N,[C@]6(C1=C(C=C(Cl)C=C1)Cl)(O[C@@H](COC2=CC=C(C=C2)N5CCN(C3=CC=C(C=C3)N4C(N(C(CC)C)N=C4)=O)CC5)CO6)C[N]7C=NC=N7,-7.023,[C@]6(C1=C(C=C(Cl)C=C1)Cl)(O[C@@H](COC2=CC=C(C=C2)N5CCN(C3=CC=C(C=C3)N4C(N(C(CC)C)N=C4)=O)CC5)CO6)C[N]7C=NC=N7,-8.98
BYBLEWFAAKGYCD-UHFFFAOYSA-N,C1=C(C=CC(=C1Cl)COC(C[N]2C=NC=C2)C3=C(C=C(C=C3)Cl)Cl)Cl,-6.092,C1=C(C=CC(=C1Cl)COC(C[N]2C=NC=C2)C3=C(C=C(C=C3)Cl)Cl)Cl,-5.82
VKHAHZOOUSRJNA-GCNJZUOMSA-N,[C@H]23C(=C1C(=CC(=O)CC1)CC2)[C@H](C[C@]4([C@H]3CC[C@]4(C#CC)O)C)C5=CC=C(C=C5)N(C)C,-6.107,[C@H]23C(=C1C(=CC(=O)CC1)CC2)[C@H](C[C@]4([C@H]3CC[C@]4(C#CC)O)C)C5=CC=C(C=C5)N(C)C,-5.22
SUBDBMMJDZJVOS-UHFFFAOYSA-N,Cc1cnc(c(c1OC)C)CS(=O)c2[nH]c3ccc(cc3n2)OC,-5.726,Cc1cnc(c(c1OC)C)CS(=O)c2[nH]c3ccc(cc3n2)OC,-3.7
HYAFETHFCAUJAY-UHFFFAOYSA-N,CCc1ccc(nc1)CCOc2ccc(cc2)CC3C(=O)NC(=O)S3,-5.549,CCc1ccc(nc1)CCOc2ccc(cc2)CC3C(=O)NC(=O)S3,-6.2
MFDFERRIHVXMIY-UHFFFAOYSA-N,C1=C(C(OCCN(CC)CC)=O)C=CC(=C1)N,-1.8,C1=C(C(OCCN(CC)CC)=O)C=CC(=C1)N,-2.3
LOUPRKONTZGTKE-FOEVPDMQSA-N,[C@@H]2(N1C[C@H](C=C)[C@H](CC1)C2)[C@@H](C3=CC=NC4=C3C=C(C=C4)OC)O,-3.09,[C@@H]2(N1C[C@H](C=C)[C@H](CC1)C2)[C@@H](C3=CC=NC4=C3C=C(C=C4)OC)O,-3.06
GZUITABIAKMVPG-UHFFFAOYSA-N,C(=O)(c1c(-c2ccc(O)cc2)sc3c1ccc(O)c3)c4ccc(OCCN5CCCCC5)cc4,-6.463,C(=O)(c1c(-c2ccc(O)cc2)sc3c1ccc(O)c3)c4ccc(OCCN5CCCCC5)cc4,-6.82
ATEBXHFBFRCZMA-UHFFFAOYSA-N,C(=O)(OC1C(C(OC)C=COC2(C(=O)c3c4c(C(=O)C(=C5C4=NC6(N5)CCN(CC(C)C)CC6)NC(=O)C(=CC=CC(C(O)C(C(O)C1C)C)C)C)c(c(c3O2)C)O)C)C)C,-5.627,C(=O)(OC1C(C(OC)C=COC2(C(=O)c3c4c(C(=O)C(=C5C4=NC6(N5)CCN(CC(C)C)CC6)NC(=O)C(=CC=CC(C(O)C(C(O)C1C)C)C)C)c(c(c3O2)C)O)C)C)C,-4.09
QWAXKHKRTORLEM-UGJKXSETSA-N,[C@@H]15[C@@H](CN([C@@H](C1)C(=O)NC(C)(C)C)C[C@@H](O)[C@@H](NC(=O)[C@@H](NC(=O)C2=NC3=C(C=C2)C=CC=C3)CC(=O)N)CC4=CC=CC=C4)CCCC5,-4.504,[C@@H]15[C@@H](CN([C@@H](C1)C(=O)NC(C)(C)C)C[C@@H](O)[C@@H](NC(=O)[C@@H](NC(=O)C2=NC3=C(C=C2)C=CC=C3)CC(=O)N)CC4=CC=CC=C4)CCCC5,-5.92
ZZORFUFYDOWNEF-UHFFFAOYSA-N,C1=C(N=C(N=C1N[S](C2=CC=C(N)C=C2)(=O)=O)OC)OC,-3.681,C1=C(N=C(N=C1N[S](C2=CC=C(N)C=C2)(=O)=O)OC)OC,-3.74
NKANXQFJJICGDU-QPLCGJKRSA-N,C1=CC(=CC=C1\C(=C(C2=CC=CC=C2)\CC)C3=CC=CC=C3)OCCN(C)C,-5.474,C1=CC(=CC=C1\C(=C(C2=CC=CC=C2)\CC)C3=CC=CC=C3)OCCN(C)C,-7.52
RMMXLENWKUUMAY-UHFFFAOYSA-N,CCCc1nc2c(cc(cc2n1Cc3ccc(cc3)c4ccccc4C(=O)O)c5nc6ccccc6n5C)C,-7.919,CCCc1nc2c(cc(cc2n1Cc3ccc(cc3)c4ccccc4C(=O)O)c5nc6ccccc6n5C)C,-6.73
GUGOEEXESWIERI-UHFFFAOYSA-N,C1=CC=CC=C1C(C3CCN(CCCC(C2=CC=C(C(C)(C)C)C=C2)O)CC3)(C4=CC=CC=C4)O,-4.835,C1=CC=CC=C1C(C3CCN(CCCC(C2=CC=C(C(C)(C)C)C=C2)O)CC3)(C4=CC=CC=C4)O,-7.74
WJCNZQLZVWNLKY-UHFFFAOYSA-N,C3=CC1=C([NH]C(=N1)C2=CSC=N2)C=C3,-3.475,C3=CC1=C([NH]C(=N1)C2=CSC=N2)C=C3,-3.97
