smiles,y
OCC3OC(OCC2OC(OC(C#N)c1ccccc1)C(O)C(O)C2O)C(O)C(O)C3O ,1.088088373
Cc1occc1C(=O)Nc2ccccc2,-0.119253949
CC(C)=CCCC(C)=CC(=O),0.472486952
c1ccc2c(c1)ccc3c2ccc4c5ccccc5ccc43,-2.300105497
c1ccsc1,0.820850547
c2ccc1scnc1c2 ,0.739724778
Clc1cc(Cl)c(c(Cl)c1)c2c(Cl)cccc2Cl,-2.037639774
CC12CCC3C(CCc4cc(O)ccc34)C2CCC1O,-0.944827949
ClC4=C(Cl)C5(Cl)C3C1CC(C2OC12)C3C4(Cl)C5(Cl)Cl,-1.546113058
COc5cc4OCC3Oc2c1CC(Oc1ccc2C(=O)C3c4cc5OC)C(C)=C ,-0.653729602
O=C1CCCN1,1.966155517
Clc1ccc2ccccc2c1,-0.520110689
CCCC=C,0.176616501
CCC1(C(=O)NCNC1=O)c2ccccc2,0.195704918
CCCCCCCCCCCCCC,-2.343054433
CC(C)Cl,0.782673715
CCC(C)CO,1.231251495
N#Cc1ccccc1,0.97832998
CCOP(=S)(OCC)Oc1cc(C)nc(n1)C(C)C,-0.281505487
CCCCCCCCCC(C)O,0.052541796
Clc1ccc(c(Cl)c1)c2c(Cl)ccc(Cl)c2Cl ,-2.090132919
O=c2[nH]c1CCCc1c(=O)n2C3CCCCC3,-0.736764212
CCOP(=S)(OCC)SCSCC,-0.505794377
CCOc1ccc(NC(=O)C)cc1,0.334095935
CCN(CC)c1c(cc(c(N)c1N(=O)=O)C(F)(F)F)N(=O)=O,-1.154800527
CCCCCCCO,0.591789553
Cn1c(=O)n(C)c2nc[nH]c2c1=O,0.792217923
CCCCC1(CC)C(=O)NC(=O)NC1=O,0.662893903
ClC(Cl)=C(c1ccc(Cl)cc1)c2ccc(Cl)cc2,-1.837211405
CCCCCCCC(=O)OC,-0.057216597
CCc1ccc(CC)cc1,-0.333998631
CCOP(=S)(OCC)SCSC(C)(C)C,-0.813595087
COC(=O)Nc1cccc(OC(=O)Nc2cccc(C)c2)c1,-0.837455608
ClC(=C)Cl,0.672915322
Cc1cccc2c1Cc3ccccc32,-1.035497925
CCCCC=O,1.049911541
N(c1ccccc1)c2ccccc2,-0.216604872
CN(C)C(=O)SCCCCOc1ccccc1,-0.418464873
CCCOP(=S)(OCCC)SCC(=O)N1CCCCC1C,-0.524882793
CCCCCCCI,-0.83984166
c1c(Cl)cccc1c2ccccc2,-0.873246388
OCCCC=C,1.383958824
O=C2NC(=O)C1(CCC1)C(=O)N2,0.665757166
CC(C)C1CCC(C)CC1O ,0.248198062
CC(C)OC=O,1.15489783
CCCCCC(C)O,0.715864258
CC(=O)Nc1ccc(Br)cc1,-0.015699292
c1ccccc1n2ncc(N)c(Br)c2(=O),-0.036696549
COC(=O)C1=C(C)NC(=C(C1c2ccccc2N(=O)=O)C(=O)OC)C ,-0.815981139
c2c(C)cc1nc(C)ccc1c2 ,0.5297522
CCCCCCC#C,-0.291049695
CCC1(C(=O)NC(=O)NC1=O)C2=CCCCC2 ,0.419993808
c1ccc2c(c1)ccc3c4ccccc4ccc23,-2.389343842
CCC(C)n1c(=O)[nH]c(C)c(Br)c1=O ,0.251538535
Clc1cccc(c1Cl)c2c(Cl)c(Cl)cc(Cl)c2Cl ,-2.648469092
Cc1ccccc1O,1.159669934
CC(C)CCC(C)(C)C,-0.954372157
Cc1ccc(C)c2ccccc12,-0.520110689
Cc1cc2c3ccccc3ccc2c4ccccc14,-1.679731971
CCCC(=O)C,1.364870408
Clc1cc(Cl)c(Cl)c(c1Cl)c2c(Cl)c(Cl)cc(Cl)c2Cl ,-2.910934814
CCCOC(=O)CC,1.064227853
CC34CC(O)C1(F)C(CCC2=CC(=O)C=CC12C)C3CC(O)C4(O)C(=O)CO,-0.300593903
Nc1ccc(O)cc1,1.073772061
O=C(Cn1ccnc1N(=O)=O)NCc2ccccc2,0.114579149
OC4=C(C1CCC(CC1)c2ccc(Cl)cc2)C(=O)c3ccccc3C4=O,-1.374794523
CCNc1nc(Cl)nc(n1)N(CC)CC,-0.481933857
NC(=O)c1cnccn1,1.137241045
CCC(Br)(CC)C(=O)NC(N)=O,0.176616501
Clc1ccccc1c2ccccc2Cl ,-1.059358446
O=C2CN(N=Cc1ccc(o1)N(=O)=O)C(=O)N2 ,-0.157430782
Clc2ccc(Oc1ccc(cc1)N(=O)=O)c(Cl)c2,-1.150028422
CC1(C)C2CCC1(C)C(=O)C2,0.520207992
O=C1NC(=O)NC(=O)C1(CC=C)c1ccccc1,0.325028937
CCCCC(=O)OCC,0.381816975
CC(C)CCOC(=O)C,0.539296409
O=C1N(COC(=O)CCCCC)C(=O)C(N1)(c2ccccc2)c3ccccc3,-1.353320055
Clc1cccc(c1)c2cc(Cl)ccc2Cl ,-1.412494145
CCCBr,0.629966385
CCCC1COC(Cn2cncn2)(O1)c3ccc(Cl)cc3Cl,-0.211355557
COP(=S)(OC)SCC(=O)N(C)C=O,0.503505628
Cc1ncnc2nccnc12,1.233160336
NC(=S)N,1.608247714
Cc1ccc(C)cc1,0.133667565
CCc1ccccc1CC,-0.109709741
ClC(Cl)(Cl)C(Cl)(Cl)Cl,-0.295821799
CC(C)C(C(=O)OC(C#N)c1cccc(Oc2ccccc2)c1)c3ccc(OC(F)F)cc3,-1.825758355
CCCN(=O)=O,1.073772061
CC(C)C1CCC(C)CC1=O,0.334095935
CCN2c1cc(Cl)ccc1NC(=O)c3cccnc23 ,-1.102307382
O=N(=O)c1c(Cl)c(Cl)ccc1,-0.205151822
CCCC(C)C1(CC=C)C(=O)NC(=S)NC1=O ,-0.195607614
c1ccc2c(c1)c3cccc4cccc2c34,-1.407722041
CCCOC(C)C,0.816078443
Cc1cc(C)c2ccccc2c1,-0.591692249
CCC(=C(CC)c1ccc(O)cc1)c2ccc(O)cc2 ,-0.486705961
c1(C#N)c(Cl)c(C#N)c(Cl)c(Cl)c(Cl)1,-1.235926295
Clc1ccc(Cl)c(c1)c2ccc(Cl)c(Cl)c2,-2.004235046
C1OC1c2ccccc2 ,0.692003738
CC(C)c1ccccc1,-0.104937637
CC12CCC3C(CCC4=CC(=O)CCC34C)C2CCC1C(=O)CO,-0.19083551
c2(Cl)c(Cl)c(Cl)c1nccnc1c2(Cl) ,-1.13571211
C1OC(O)C(O)C(O)C1O,1.641652442
ClCCl,1.15489783
CCc1cccc2ccccc12,-0.534427001
COC=O,1.732322419
Oc1ccccc1N(=O)=O,0.625194281
Cc1c[nH]c(=O)[nH]c1=O ,0.736861516
CC(C)C,0.238653854
OCC1OC(C(O)C1O)n2cnc3c(O)ncnc23,0.868571588
Oc1c(I)cc(C#N)cc1I,-0.267189175
Oc1ccc(Cl)cc1C(=O)Nc2ccc(cc2Cl)N(=O)=O,-0.787348515
CCCCC,-0.061988701
c1ccccc1O,1.455540385
Nc3ccc2cc1ccccc1cc2c3 ,-1.011637405
Cn1cnc2n(C)c(=O)[nH]c(=O)c12 ,0.251538535
c1ccc2cnccc2c1,0.763585299
COP(=S)(OC)SCC(=O)N(C(C)C)c1ccc(Cl)cc1,-0.659456127
CCCCCCc1ccccc1,-1.030725821
Clc1ccccc1c2ccccc2,-0.710994851
CCCC(=C)C,0.00959286
CC(C)C(C)C(C)C,-0.835069556
Clc1cc(Cl)c(Cl)c(Cl)c1Cl,-1.240698399
Oc1cccc(c1)N(=O)=O,0.973557876
CCCCCCCCC=C,-1.173888943
CC(=O)OCC(COC(=O)C)OC(=O)C,1.169214142
CCCCc1c(C)nc(nc1O)N(C)C ,0.386589079
CC1(C)C(C=C(Cl)Cl)C1C(=O)OC(C#N)c2ccc(F)c(Oc3ccccc3)c2,-2.045752351
c1ccncc1,1.818220292
CCCCCCCBr,-0.658501706
Cc1ccncc1C,1.62733613
CC34CC(O)C1(F)C(CCC2=CC(=O)CCC12C)C3CCC4(O)C(=O)CO ,-0.181291302
CCSCc1ccccc1OC(=O)NC ,0.45817064
CCOC(=O)CC(=O)OCC,1.064227853
CC1=CCC(CC1)C(C)=C,-0.577375937
C1Cc2ccccc2C1,0.004820756
CC(C)(C)c1ccc(O)cc1,0.30546331
O=C2NC(=O)C1(CC1)C(=O)N2 ,0.555521562
Clc1cccc(I)c1,-0.23855655
Brc1cccc2ccccc12,-0.620324874
CC/C=C/C,0.243425958
Cc1cccc(C)n1,1.670285067
ClC=C(Cl)Cl,0.520207992
Nc1cccc2ccccc12,0.539296409
Cc1cccc(C)c1,0.109807045
Oc2ncc1nccnc1n2,0.526411728
CO,2.204760719
CCC1(CCC(C)C)C(=O)NC(=O)NC1=O,0.277785107
CCC(=O)C,1.703689795
Fc1c[nH]c(=O)[nH]c1=O ,0.941584779
Nc1ncnc2n(ccc12)C3OC(CO)C(O)C3O ,0.524980096
Oc1cccc(O)c1,1.842080812
CCCCCCO,0.863799483
CCCCCCl,0.152755981
C=CC=C,0.563156929
CCCOC(=O)C,1.111948894
Oc2ccc1CCCCc1c2 ,0.50589168
NC(=O)CCl ,1.445996177
COP(=S)(OC)Oc1cc(Cl)c(I)cc1Cl,-1.703592491
Cc1ccc(Cl)cc1,-0.01426766
CSc1nnc(c(=O)n1N)C(C)(C)C,0.380385344
Cc1ccc(OP(=O)(Oc2cccc(C)c2)Oc3ccccc3C)cc1,-1.412494145
CCCCCC=O,0.835166859
CCCCOC(=O)c1ccc(N)cc1,-0.015222081
O2c1cc(C)ccc1N(C)C(=O)c3cc(N)cnc23 ,0.003389125
CC(C)=CCC/C(C)=C\CO,0.28160279
Clc1ccc(cc1)c2ccccc2Cl ,-1.06413055
O=C1N(COC(=O)CCCCCCC)C(=O)C(N1)(c2ccccc2)c3ccccc3,-1.657303082
CCN(=O)=O,1.350554096
CCN(CC(C)=C)c1c(cc(cc1N(=O)=O)C(F)(F)F)N(=O)=O,-1.466896131
Clc1ccc(Cl)c(Cl)c1Cl,-0.725311163
CCCC(C)(COC(N)=O)COC(N)=O ,0.593221184
CC(=O)C3CCC4C2CC=C1CC(O)CCC1(C)C2CCC34C ,-0.763487995
CI,0.97832998
CC1CC(C)C(=O)C(C1)C(O)CC2CC(=O)NC(=O)C2 ,0.916292628
O=C1N(COC(=O)CCCCCC)C(=O)C(N1)(c2ccccc2)c3ccccc3,-1.551362372
CC1=CC(=O)CC(C)(C)C1 ,0.949697356
O=C1NC(=O)NC(=O)C1(CC)C(C)CC,0.315007519
CCCCC(=O)CCCC,0.224337542
CCC1(CCC(=O)NC1=O)c2ccccc2 ,0.34029967
CCC(C)CC,-0.300593903
CCOc1ccc(cc1)C(C)(C)COCc3cccc(Oc2ccccc2)c3,-2.648469092
Cc1ccccc1n3c(C)nc2ccccc2c3=O,0.059699952
ClCC#N,1.411637028
CCOP(=S)(CC)Oc1cc(Cl)c(Cl)cc1Cl,-1.289373861
CC12CCC(=O)C=C1CCC3C2CCC4(C)C3CCC4(O)C#C ,-1.245470503
c1ccnnc1,1.980471829
Clc1cc(Cl)c(Cl)c(Cl)c1,-0.753943787
C1C(O)CCC2(C)CC3CCC4(C)C5(C)CC6OCC(C)CC6OC5CC4C3C=C21,-2.037639774
Nc1ccccc1O,1.111948894
CCCCCCCCC(=O)OCC,-0.357859151
COCC(=O)N(C(C)C(=O)OC)c1c(C)cccc1C ,0.691526528
CNC(=O)Oc1ccccc1OC(C)C,0.477259056
CCC(C)Cl,0.520207992
Oc1ccc2ccccc2c1,0.367500663
CC(C)Oc1cc(c(Cl)cc1Cl)n2nc(oc2=O)C(C)(C)C,-1.262650078
CCCCC#C,0.329323831
CCCCCCCC#C,-0.567831729
Cc1ccccc1Cl,-0.224240238
CC(C)OC(C)C,0.93060894
Nc1ccc(cc1)S(=O)(=O)c2ccc(N)cc2,-0.020948606
CNN,2.095002326
CC#C,1.259884119
CCOP(=S)(OCC)ON=C(C#N)c1ccccc1,-0.864656601
CCNP(=S)(OC)OC(=CC(=O)OC(C)C)C,-0.170792673
C=CC=O,1.727550315
O=c1[nH]cnc2nc[nH]c12 ,0.359865297
Oc2ccc1ncccc1c2 ,0.424765912
Fc1ccccc1,0.596561657
CCCCl,0.75404109
CCOC(=O)C,1.436451969
CCCC(C)(C)C,-0.625096978
Cc1cc(C)c(C)c(C)c1C,-0.453301232
CC12CCC(CC1)C(C)(C)O2 ,0.672915322
CCCCOC(=O)CCCCCCCCC(=O)OCCCC,-0.40367135
Clc1ccc(cc1)c2ccc(Cl)cc2 ,-1.674959867
Cc1cccnc1C,1.636880338
CC(=C)C1CC=C(C)C(=O)C1,0.472486952
CCOP(=S)(OCC)SCSc1ccc(Cl)cc1,-1.281738494
COc1cc(cc(OC)c1O)C6C2C(COC2=O)C(OC4OC3COC(C)OC3C(O)C4O)c7cc5OCOc5cc67,-0.248577969
c1cc2cccc3c4cccc5cccc(c(c1)c23)c54,-2.745820014
Cc1ccc(cc1N(=O)=O)N(=O)=O,0.109807045
c1c(Br)ccc2ccccc12 ,-0.644185394
CNC(=O)Oc1cccc(N=CN(C)C)c1,0.338868039
COc2cnc1ncncc1n2,0.911997734
Cc3ccnc4N(C1CC1)c2ncccc2C(=O)Nc34 ,-0.066760805
CCOP(=S)(OCC)Oc1nc(Cl)n(n1)C(C)C,-0.290095274
CC(=C)C=C,0.486803264
CC(C)=CCCC(O)(C)C=C,0.50589168
COP(=S)(OC)Oc1ccc(SC)c(C)c1,-0.725311163
OC1CCCCC1,1.245567807
O=C1NC(=O)NC(=O)C1(C)CC=C,0.901976316
CC34CCC1C(CCC2CC(O)CCC12C)C3CCC4=O,-0.529654897
OCC(O)C(O)C(O)C(O)CO ,1.484173009
Cc1ccc(cc1)c2ccccc2,-0.749171683
CCNc1nc(Cl)nc(NC(C)C)n1,-0.381719672
NC(=S)Nc1ccccc1,0.610877969
CCCC(=O)CCC,0.835166859
CC(=O)C(C)(C)C,1.111948894
Oc1ccc(Cl)cc1,1.121493102
O=C1CCCCC1,1.169214142
Cc1cccc(N)c1,1.049911541
ClC(Cl)(Cl)C#N,0.420948228
CNc2cnn(c1cccc(c1)C(F)(F)F)c(=O)c2Cl,-0.475252911
CCCCCCCCC(=O)C,-0.119253949
CCN(CC)c1nc(Cl)nc(NC(C)C)n1,-0.350700995
CCOC(=O)c1ccc(N)cc1,0.207157967
Clc1ccc(Cl)c(Cl)c1,-0.257644967
Cc3nnc4CN=C(c1ccccc1Cl)c2cc(Cl)ccc2n34,-0.496250169
Oc1ccccc1O,1.751410835
CCN2c1ncccc1N(C)C(=O)c3cccnc23 ,0.205249126
CSC,1.240795703
Cc1ccccc1Br,0.391361183
CCOC(=O)N,1.861169228
CC(=O)OC3(CCC4C2C=C(C)C1=CC(=O)CCC1(C)C2CCC34C)C(C)=O ,-1.097535278
CC(C)C(O)C(C)C,0.873343692
c1ccc2ccccc2c1,-0.262417071
CCNc1ccccc1,0.644282698
O=C1NC(=O)C(N1)(c2ccccc2)c3ccccc3,-0.499590641
Cc1c2ccccc2c(C)c3ccc4ccccc4c13,-1.894476653
CCOP(=S)(OCC)SC(CCl)N1C(=O)c2ccccc2C1=O,-1.569973578
COc1ccc(cc1)C(c2ccc(OC)cc2)C(Cl)(Cl)Cl,-1.832439301
Fc1cccc(F)c1C(=O)NC(=O)Nc2cc(Cl)c(F)c(Cl)c2F ,-2.018551358
O=C1N(COC(=O)CCCC)C(=O)C(N1)(c2ccccc2)c3ccccc3,-0.776849886
CN(C)C(=O)Nc1ccc(Cl)cc1,0.076402316
OC(Cn1cncn1)(c2ccc(F)cc2)c3ccccc3F,-0.152658678
CC(=O)OCC(=O)C3(O)C(CC4C2CCC1=CC(=O)C=CC1(C)C2(F)C(O)CC34C)OC(C)=O ,-0.515338585
CCCCBr,0.324551727
Brc1cc(Br)c(Br)cc1Br,-1.875388237
CC(C)CC(=O)C,1.102404686
CCSC(=O)N(CC)C1CCCCC1 ,-0.16697499
COc1ccc(Cl)cc1,0.128895461
CC1(C)C(C=C(Br)Br)C1C(=O)OC(C#N)c2cccc(Oc3ccccc3)c2,-2.553981432
CCC(C)C1(CC=C)C(=O)NC(=O)NC1=O,0.49348421
COP(=S)(OC)Oc1ccc(N(=O)=O)c(C)c1,-0.472389648
Ic1cccc2ccccc12,-0.715766955
OCC(O)C(O)C(O)C(O)CO,1.975699725
CCS,1.169214142
ClCC(Cl)Cl,0.749268986
CN(C)C(=O)Oc1cc(C)nn1c2ccccc2,0.45817064
NC(=O)c1ccccc1O,0.587017449
Cc1ccccc1N(=O)=O,0.343640143
O=C1NC(=O)NC(=O)C1(C(C)C)C(C)C,0.135576407
CCc1ccccc1C,-0.076305013
CCCCCCCCl,-0.453301232
O=C1NC(=O)NC(=O)C1(CC)CC,0.310235415
C(Cc1ccccc1)c2ccccc2,-0.749171683
ClC(Cl)C(Cl)Cl,0.625194281
CCN2c1cc(OC)cc(C)c1NC(=O)c3cccnc23 ,-1.003524828
Cc1ccc2c(ccc3ccccc32)c1,-1.331368376
CCCCOC(=O)c1ccccc1C(=O)OCCCC ,-0.644185394
COc1c(O)c(Cl)c(Cl)c(Cl)c1Cl ,-0.46284544
CCN(CC)C(=O)C(=CCOP(=O)(OC)OC)Cl,1.705121426
CC34CCC1C(=CCc2cc(O)ccc12)C3CCC4=O,-1.065084971
CCOC(=O)c1ccccc1S(=O)(=O)NN(C=O)c2nc(Cl)cc(OC)n2,-0.728174425
COc1ccc(cc1)N(=O)=O,0.30546331
CCCCCCCl,-0.033356077
Clc1cc(c(Cl)c(Cl)c1Cl)c2cc(Cl)c(Cl)c(Cl)c2Cl,-2.915706918
OCC1OC(CO)(OC2OC(COC3OC(CO)C(O)C(O)C3O)C(O)C(O)C2O)C(O)C1O,1.259884119
CCCCCCCCCCCCCCCCCCCCCCCCCC,-2.521531124
CCN2c1ccccc1N(C)C(=O)c3cccnc23 ,-0.130706999
CC(Cl)Cl,0.839938963
Nc1ccc(cc1)S(N)(=O)=O,0.816078443
CCCN(CCC)c1c(cc(cc1N(=O)=O)C(C)C)N(=O)=O,-1.641555139
ClC1C(Cl)C(Cl)C(Cl)C(Cl)C1Cl,-0.758715891
CCOP(=S)(NC(C)C)Oc1ccccc1C(=O)OC(C)C,-0.545880051
Clc1cccc(Cl)c1Cl,-0.453301232
ClC(Cl)(Cl)Cl,0.353184351
O=N(=O)c1cc(Cl)c(Cl)cc1,-0.071532909
OC1CCCCCCC1,0.839938963
CC1(O)CCC2C3CCC4=CC(=O)CCC4(C)C3CCC21C,-0.452824022
CCOc1ccc(NC(N)=O)cc1,0.419993808
C/C1CCC(\C)CC1,-0.677590122
c1cnc2c(c1)ccc3ncccc23,0.176616501
COC(C)(C)C,1.341009888
COc1ccc(C=CC)cc1,-0.038128181
CCCCCCCCCCCCCCCCO,-1.884932445
O=c1cc[nH]c(=O)[nH]1 ,0.745451303
Nc1ncnc2nc[nH]c12 ,0.443854328
Clc1cc(Cl)c(cc1Cl)c2cccc(Cl)c2Cl ,-1.98514663
COc1ccc(cc1)C(O)(C2CC2)c3cncnc3 ,0.216702175
c1ccc2c(c1)c3cccc4c3c2cc5ccccc54,-2.471901242
O=C(Nc1ccccc1)Nc2ccccc2,-0.047672389
CCC1(C(=O)NC(=O)NC1=O)c2ccccc2 ,0.347457826
Clc1ccc(cc1)c2cccc(Cl)c2Cl ,-1.546113058
CC(C)c1ccc(NC(=O)N(C)C)cc1,-0.231875605
CCN(CC)C(=O)CSc1ccc(Cl)nn1,0.636647331
CCC(C)(C)CO,0.959241564
CCCOC(=O)CCC,0.620422177
Cc1c(cc(cc1N(=O)=O)N(=O)=O)N(=O)=O,-0.081077117
CC(C)OP(=S)(OC(C)C)SCCNS(=O)(=O)c1ccccc1,-0.548743313
C1CCCCCC1,-0.219468134
CCCOC=O,1.221707287
CC(C)c1ccccc1C,-0.338770735
Nc1cccc(Cl)c1,0.801762131
CC(C)CC(C)C,-0.577375937
o1c2ccccc2c3ccccc13,-0.739627475
CCOC2Oc1ccc(OS(C)(=O)=O)cc1C2(C)C,-0.176519198
CN(C)C(=O)Nc1cccc(c1)C(F)(F)F,-0.181291302
c3ccc2nc1ccccc1cc2c3,-0.295821799
CC12CC(=O)C3C(CCC4=CC(=O)CCC34C)C2CCC1(O)C(=O)CO,-0.028583972
OCC1OC(O)C(O)C(O)C1O,1.808676084
Cc1cccc(O)c1,1.13103731
CC2Cc1ccccc1N2NC(=O)c3ccc(Cl)c(c3)S(N)(=O)=O ,-0.255736125
CCC(C)C(=O)OC2CC(C)C=C3C=CC(C)C(CCC1CC(O)CC(=O)O1)C23 ,-1.410108093
O=N(=O)c1ccc(cc1)N(=O)=O,-0.162202886
CCC1(C(=O)NC(=O)NC1=O)C2=CCC3CCC2C3,0.168981135
CCCCCCCCCC(=O)OCC,-0.501022273
CN(C)C(=O)Nc1ccccc1,0.692003738
CCCOCC,1.140581518
CC(C)O,1.660740859
Cc1ccc2ccccc2c1,-0.343542839
ClC(Br)Br,0.548840617
CCC(C(CC)c1ccc(O)cc1)c2ccc(O)cc2,-0.658501706
CCOC(=O)CC(SP(=S)(OC)OC)C(=O)OCC,-0.152658678
ClCc1ccccc1,0.315007519
C/C=C/C=O,1.608247714
CON(C)C(=O)Nc1ccc(Br)c(Cl)c1,-0.417033242
Cc1c2ccccc2c(C)c3ccccc13,-1.679731971
CCCCCC(=O)OC,0.563156929
CN(C)C(=O)Nc1ccc(c(Cl)c1)n2nc(oc2=O)C(C)(C)C,-0.609826245
CC(=O)Nc1ccc(F)cc1,0.606105865
CCc1cccc(CC)c1N(COC)C(=O)CCl ,-0.100165533
C1CCC=CC1,0.219565438
CC12CC(O)C3C(CCC4=CC(=O)CCC34C)C2CCC1(O)C(=O)CO,-0.019039764
c1cncnc1,1.980471829
Clc1ccc(cc1)N(=O)=O,0.062086004
CCC(=O)OC,1.388730928
Clc1ccccc1N(=O)=O,0.238653854
CCCCN(C)C(=O)Nc1ccc(Cl)c(Cl)c1,-0.820753244
CN1CC(O)N(C1=O)c2nnc(s2)C(C)(C)C,0.559816456
O=N(=O)c1ccccc1,0.596561657
Ic1ccccc1,0.019137068
CC2Nc1cc(Cl)c(cc1C(=O)N2c3ccccc3C)S(N)(=O)=O ,-0.348314943
COc1ccccc1OCC(O)COC(N)=O,0.985488137
CCCCOCN(C(=O)CCl)c1c(CC)cccc1CC ,-0.543971209
Oc1cccc(Cl)c1Cl,0.835166859
CCCC(=O)OC,0.539296409
CCC(=O)Nc1ccc(Cl)c(Cl)c1,0.023909172
Nc3nc(N)c2nc(c1ccccc1)c(N)nc2n3,0.308326573
CCCCCC(=O)OCC,0.334095935
OCC(O)C2OC1OC(OC1C2O)C(Cl)(Cl)Cl ,0.577473241
CN(C=Nc1ccc(C)cc1C)C=Nc2ccc(C)cc2C,-1.154800527
COc1nc(NC(C)C)nc(NC(C)C)n1,0.273013003
CCCCCCC=C,-0.66327381
Cc1ccc(N)cc1,0.878115796
Nc1nccs1 ,1.283744639
c1ccccc1(OC(=O)NC),0.595130026
CCCC(O)CC,1.073772061
c3ccc2c(O)c1ccccc1cc2c3 ,-0.801664827
Cc1ccc2cc3ccccc3cc2c1,-1.865844029
Cc1cccc(C)c1C,-0.071532909
CNC(=O)Oc1ccc(N(C)C)c(C)c1,0.329323831
CCCCCCCC(C)O,0.147983877
CN(C(=O)NC(C)(C)c1ccccc1)c2ccccc2,-0.14311447
CCCC(=O)CC,1.059455749
Oc1c(Br)cc(C#N)cc1Br ,-0.133570261
Clc1ccc(cc1Cl)c2ccccc2 ,-1.593834098
CN(C(=O)COc1nc2ccccc2s1)c3ccccc3,-0.869905915
Oc1cccc2ncccc12 ,0.243425958
CC1=C(SCCO1)C(=O)Nc2ccccc2,-0.042900285
CCOc2ccc1nc(sc1c2)S(N)(=O)=O ,-0.362631255
Oc1c(Cl)c(Cl)c(Cl)c(Cl)c1Cl,-0.586920145
ClCBr,1.030823125
CCC1(CC)C(=O)NC(=O)N(C)C1=O ,0.391361183
CC(=O)OCC(=O)C3CCC4C2CCC1=CC(=O)CCC1(C)C2CCC34C ,-0.753943787
NC(=O)NCc1ccccc1 ,1.002190501
CN(C)C(=O)Nc1ccc(C)c(Cl)c1,-0.206583453
CON(C)C(=O)Nc1ccc(Cl)c(Cl)c1,-0.258599387
OC1CCCCCC1,1.035595229
CS(=O)(=O)c1ccc(cc1)C(O)C(CO)NC(=O)C(Cl)Cl ,0.427629174
CCCC(C)C1(CC)C(=O)NC(=S)NC1=O ,-0.147886574
CC(=O)Nc1nnc(s1)S(N)(=O)=O ,0.329323831
Oc1ccc(cc1)N(=O)=O,1.102404686
ClC1=C(Cl)C2(Cl)C3C4CC(C=C4)C3C1(Cl)C2(Cl)Cl,-1.554225635
C1CCOC1,1.689373483
Nc1ccccc1N(=O)=O,0.520207992
Clc1cccc(c1Cl)c2cccc(Cl)c2Cl,-2.018551358
CCCCC1C(=O)N(N(C1=O)c2ccccc2)c3ccccc3 ,-0.362631255
Cc1c(cccc1N(=O)=O)N(=O)=O,0.023909172
CC(=O)C1CCC2C3CCC4=CC(=O)CCC4(C)C3CCC12C,-0.653729602
CCN(CC)c1nc(Cl)nc(n1)N(CC)CC,-0.649434708
ClC(Cl)C(Cl)(Cl)SN2C(=O)C1CC=CCC1C2=O ,-1.121395798
c1(Br)c(Br)cc(Br)cc1,-0.691906434
OC3N=C(c1ccccc1)c2cc(Cl)ccc2NC3=O ,-0.430395133
O=C1NC(=O)NC(=O)C1(C(C)CCC)CC=C,0.331232672
c1(O)c(C)ccc(C(C)C)c1,0.462942744
C1SC(=S)NC1(=O),0.610877969
Oc1ccc(c(O)c1)c3oc2cc(O)cc(O)c2c(=O)c3O ,-0.015699292
ClC1(C(=O)C2(Cl)C3(Cl)C14Cl)C5(Cl)C2(Cl)C3(Cl)C(Cl)(Cl)C45Cl,-1.054109131
CCN(CC)C(=S)SSC(=S)N(CC)CC,-0.86370218
C1CCCCC1,-0.023811868
ClC1=C(Cl)C(Cl)(C(=C1Cl)Cl)C2(Cl)C(=C(Cl)C(=C2Cl)Cl)Cl,-2.017596937
CN(C)C=Nc1ccc(Cl)cc1C,0.090718629
CC34CCc1c(ccc2cc(O)ccc12)C3CCC4=O,-1.045042134
CCCCCCCCO,0.315007519
CCSCC,0.816078443
ClCCCl,0.949697356
CCC(C)(C)Cl,0.25774227
ClCCBr,0.825622651
Nc1ccc(cc1)N(=O)=O,0.324551727
OCC1OC(OC2C(O)C(O)C(O)OC2CO)C(O)C(O)C1O,1.339101046
CCN2c1ncccc1N(CC)C(=O)c3cccnc23 ,0.090718629
Clc1ccccc1,0.319779623
CCCCCCCC=C,-0.954372157
Brc1ccc(I)cc1,-0.720539059
CCC(C)(O)CC,1.283744639
CCCCCc1ccccc1,-0.758715891
NC(=O)NC1NC(=O)NC1=O ,0.692003738
OCC(O)COC(=O)c1ccccc1Nc2ccnc3cc(Cl)ccc23,-0.725788373
ClC(Cl)C(c1ccc(Cl)cc1)c2ccc(Cl)cc2,-1.980374526
CC(=O)OC3CCC4C2CCC1=CC(=O)CCC1(C)C2CCC34C ,-1.018318351
Clc1cccc2ccccc12,-0.419896504
CCN2c1ccccc1N(C)C(=O)c3ccccc23 ,-0.810731825
CCCCC(C)O,1.030823125
CCCC1CCCC1,-0.806436931
CCOC(=O)c1cncn1C(C)c2ccccc2,-0.804050879
Oc1ccc(Cl)c(Cl)c1,0.859027379
CC1(C)C(C=C(Cl)Cl)C1C(=O)OC(C#N)c2cccc(Oc3ccccc3)c2,-2.370255426
c2ccc1ocnc1c2,0.901976316
CCCCCO,1.169214142
CCN(CC)c1ccccc1,0.00959286
Fc1cccc(F)c1,0.501119576
ClCCC#N ,1.317149367
CC(C)(C)Cc1ccccc1,-0.524882793
O=C1NC(=O)NC(=O)C1(CC)c1ccccc1,0.347457826
Clc1ccccc1I,-0.233784446
c2ccc1[nH]nnc1c2,1.083316269
CNC(=O)Oc1cccc2CC(C)(C)Oc12,0.119351253
Cc1cccc(C)c1O,0.839938963
CC(C)C(C)O,1.369642512
c1ccccc1C(O)c2ccccc2,0.238653854
CCCCCCCCCC(=O)OC,-0.782576411
COP(=S)(OC)Oc1ccc(cc1Cl)N(=O)=O,-0.601236458
CC(C)CBr,0.295919102
CCI,0.692003738
CN(C)C(=O)Oc1nc(nc(C)c1C)N(C)C,0.524980096
CCCCCCBr,-0.362631255
CCCC(C)C,-0.329226527
Cc1c(F)c(F)c(COC(=O)C2C(C=C(Cl)C(F)(F)F)C2(C)C)c(F)c1F,-2.038116985
CCc1cccc(C)c1N(C(C)COC)C(=O)CCl ,0.152755981
ON=Cc1ccc(o1)N(=O)=O ,0.410449599
CC(C)C(Nc1ccc(cc1Cl)C(F)(F)F)C(=O)OC(C#N)c2cccc(Oc3ccccc3)c2,-2.36357448
Nc1nc[nH]n1,1.704644216
BrC(Br)Br,0.544068513
COP(=O)(OC)C(O)C(Cl)(Cl)Cl,1.350554096
CCOP(=S)(OCC)SCn1c(=O)oc2cc(Cl)ccc12,-1.041701661
OCc1ccccc1,1.264656223
O=c2c(C3CCCc4ccccc43)c(O)c1ccccc1o2 ,0.100262837
Oc1ccc(Br)cc1,0.935381044
CC(C)Br,0.696775842
CC(C)CC(C)(C)C,-0.806436931
O=N(=O)c1cc(cc(c1)N(=O)=O)N(=O)=O,0.076402316
CN2C(=O)CN=C(c1ccccc1)c3cc(ccc23)N(=O)=O,-0.35595031
CCC,0.5297522
Nc1cc(nc(N)n1=O)N2CCCCC2 ,0.506368891
Nc2cccc3nc1ccccc1cc23 ,-0.558287521
c1ccc2cc3c4cccc5cccc(c3cc2c1)c45,-2.595975947
OC(c1ccc(Cl)cc1)(c2ccc(Cl)cc2)C(Cl)(Cl)Cl,-1.248333766
C1Cc2cccc3cccc1c23,-0.753943787
CCOP(=S)(OCC)SC(CCl)N2C(=O)c1ccccc1C2=O,-1.569973578
Brc1ccc(Br)cc1,-0.486705961
Cn2c(=O)on(c1ccc(Cl)c(Cl)c1)c2=O,0.109807045
Oc1ccc(cc1)c2ccccc2,-0.205151822
CC1=C(CCCO1)C(=O)Nc2ccccc2 ,0.23388175
CCOC=C,1.049911541
CCC#C,0.863799483
COc1ncnc2nccnc12 ,0.925836836
CCCCC(C)(O)CC,0.692003738
Clc1ccc(Cl)cc1,-0.104937637
O=C1N(COC(=O)C)C(=O)C(N1)(c2ccccc2)c3ccccc3,-0.677590122
CSCS(=O)CC(CO)NC(=O)C=Cc1c(C)[nH]c(=O)[nH]c1=O,0.510186574
Cc1c[nH]c2ccccc12 ,0.300691206
COc2ncc1nccnc1n2,0.925836836
CNC(=O)Oc1ccccc1C2OCCO2,0.70632005
C1N(C(=O)NCC(C)C)C(=O)NC1,0.429538016
CC#N,1.57961509
CCOC(=O)NCCOc2ccc(Oc1ccccc1)cc2,-0.787348515
CC(=O)N(S(=O)c1ccc(N)cc1)c2onc(C)c2C ,-0.257644967
ClCC(Cl)(Cl)Cl,0.415221703
CCCCO,1.455540385
CC1CCCCC1NC(=O)Nc2ccccc2,-0.505794377
Clc1cc(Cl)cc(Cl)c1,-0.682362226
O=Cc1ccco1,1.407819344
CC(C)CCO,1.212163079
O=Cc2ccc1OCOc1c2 ,0.677687426
CC(=C)C,0.343640143
O=Cc1ccccc1,0.887660004
CC(=C)C(=C)C,0.310235415
CCOC(=O)CCN(SN(C)C(=O)Oc1cccc2CC(C)(C)Oc21)C(C)C,-0.792120619
O2c1ccccc1N(C)C(=O)c3cccnc23 ,-0.29677622
C1c2ccccc2c3ccccc13,-0.930511637
CC1CCCCC1,-0.381719672
NC(=N)NS(=O)(=O)c1ccc(N)cc1 ,0.50589168
COC(=O)c1ccc(O)cc1,0.583676976
CC1CCCO1,1.508033529
CC3C2CCC1(C)C=CC(=O)C(=C1C2OC3=O)C,-0.019039764
OCC2OC(Oc1ccccc1CO)C(O)C(O)C2O,1.049911541
CCCI,0.362728559
CCNc1nc(NC(C)C)nc(SC)n1,0.004820756
CCCO,1.751410835
CC(=O)C1(O)CCC2C3CCC4=CC(=O)CCC4(C)C3CCC21C,-0.365971728
CCCC(C)O,1.317149367
OC(C(=O)c1ccccc1)c2ccccc2,0.095490733
Cc1ccc(O)c(C)c1,0.887660004
Clc1cccc(c1)N(=O)=O,0.133667565
Cc2c(N)c(=O)n(c1ccccc1)n2C,1.157761092
Clc1ccc(c(Cl)c1)c2cc(Cl)ccc2Cl ,-1.679731971
ClC(=C(Cl)C(=C(Cl)Cl)Cl)Cl,-0.892334804
CCNc1nc(NC(C)(C)C)nc(SC)n1,-0.453301232
CCC(C)CCO,1.116720998
Cc2ncc1nccnc1n2,1.398275136
CC23Cc1cnoc1C=C2CCC4C3CCC5(C)C4CCC5(O)C#C,-1.172457311
CCCCI,0.042997588
Brc1ccc2ccccc2c1,-0.644185394
CC1OC(CC(O)C1O)OC2C(O)CC(OC2C)OC8C(O)CC(OC7CCC3(C)C(CCC4C3CC(O)C5(C)C(CCC45O)C6=CC(=O)OC6)C7)OC8C ,-0.491955275
FC(F)(F)c1ccccc1,0.25774227
CCCCCCOC(=O)c1ccccc1C(=O)OCCCCCC,-1.476440339
c1ccc2c(c1)sc3ccccc23,-0.634641186
Clc1ccc(c(Cl)c1)c2ccc(Cl)c(Cl)c2Cl ,-2.266700768
Clc1ccc(c(Cl)c1Cl)c2ccc(Cl)c(Cl)c2Cl ,-2.366914953
CC(=O)CC(c1ccccc1)c3c(O)c2ccccc2oc3=O ,-0.402239719
c1ccccc1C(O)C(O)c2ccccc2,0.534524305
COC(=O)c1ccccc1C(=O)OC,0.663371114
CCCCCCCC(=O)OCC,-0.162202886
CCSSCC,0.300691206
CCOCCOCC,1.088088373
Clc1cc(Cl)c(Cl)cc1Cl,-1.197749463
Nc1ccc(cc1)c2ccc(N)cc2,0.167072293
CCCCCC=C,-0.324454423
CCCCc1c(C)nc(NCC)[nH]c1=O,0.010547281
O=C1NC(=O)NC(=O)C1(CC)C(C)CCC,0.315007519
Nc1ccccc1Cl,0.73018057
COc1cccc(Cl)c1,0.128895461
CCCCN(CC)C(=O)SCCC,-0.229012342
CCCCOC=O,0.801762131
CC12CC(O)C3C(CCC4=CC(=O)C=CC34C)C2CCC1(O)C(=O)CO,-0.061988701
BrC(Cl)Cl,0.720636362
CC34CC(=O)C1C(CCC2=CC(=O)CCC12C)C3CCC4(=O) ,-0.205151822
c1ccc(cc1)c2ccc(cc2)c3ccccc3,-1.937425589
Oc1ccc(C=O)cc1,0.997418397
CBr,1.078544165
Cc1cc(ccc1NS(=O)(=O)C(F)(F)F)S(=O)(=O)c2ccccc2,-0.357859151
CC(=O)CC(c1ccc(Cl)cc1)c2c(O)c3ccccc3oc2=O,-1.330891166
CCc1ccc2ccccc2c1,-0.591692249
Nc1c(C)c[nH]c(=O)n1 ,0.759767615
Clc2c(Cl)c(Cl)c(c1ccccc1)c(Cl)c2Cl ,-2.323966017
c1c(NC(=O)c2ccccc2(I))cccc1,-0.553515417
Cc3cc2nc1c(=O)[nH]c(=O)nc1n(CC(O)C(O)C(O)CO)c2cc3C,-0.302979955
Fc1ccccc1Br,0.167072293
Oc1ccc(Cl)cc1Cl,0.715864258
CC1(C)C(C=C(Cl)Cl)C1C(=O)OCc2cccc(Oc3ccccc3)c2,-1.546590268
CN2C(=C(O)c1ccccc1S2(=O)=O)C(=O)Nc3ccccn3 ,-0.529654897
O=C1N(COC(=O)CC)C(=O)C(N1)(c2ccccc2)c3ccccc3,-0.886131069
C1CCCC1,0.195704918
Cc1ccccc1N,0.400905391
c1(OC)ccc(CC=C)cc1,0.062086004
CN(C)C(=O)Nc1cccc(OC(=O)NC(C)(C)C)c1 ,0.0573139
CC(C)C=C,0.152755981
Oc1ccccn1,1.942294997
CC,0.806534235
Clc1ccccc1Cl,4.87E-05
Sc2nc1ccccc1s2 ,-0.061988701
Clc1c(Cl)c(Cl)c(c(Cl)c1Cl)c2c(Cl)c(Cl)c(Cl)c(Cl)c2Cl ,-4.080100305
COc2c1occc1cc3ccc(=O)oc23 ,-0.292958536
CC(=O)N,2.209532823
Cc1cccc2ccccc12,-0.310138111
CCN(CC)C(=O)C(C)Oc1cccc2ccccc12 ,-0.248100758
CC(O)C(C)(C)C,1.159669934
CCCC(=O)OCC,0.806534235
CC2=CC(=O)c1ccccc1C2=O ,0.00959286
c1ccc2c(c1)ccc3ccccc32,-1.054586342
Cc1ccnc(C)c1,1.636880338
CCCCCCCCCO,0.019137068
BrCBr,0.897204212
CC1CC2C3CCC4=CC(=O)C=CC4(C)C3(F)C(O)CC2(C)C1(O)C(=O)CO,-0.257644967
Cc1ccc2cc(C)ccc2c1,-0.878018492
CCSC(=O)N(CC(C)C)CC(C)C,-0.300593903
O=N(=O)OCC(CON(=O)=O)ON(=O)=O ,0.396133287
Nc1cccc(c1)N(=O)=O,0.410449599
CCCCCl,0.486803264
ClC(Cl)(Cl)C(NC=O)N1C=CN(C=C1)C(NC=O)C(Cl)(Cl)Cl ,-0.543971209
Cn2cc(c1ccccc1)c(=O)c(c2)c3cccc(c3)C(F)(F)F,-0.665659862
Nc3cc2c1ccccc1ccc2c4ccccc34 ,-1.503164122
CC12CCC3C(CCc4cc(O)ccc34)C2CCC1=O,-0.431826764
CCN2c1ccccc1N(C)C(=S)c3cccnc23 ,-0.790211778
CC1CO1,1.173986246
O=C3CN=C(c1ccccc1)c2cc(ccc2N3)N(=O)=O,-0.35595031
CCNC(=S)NCC,0.758813195
Oc1cc(Cl)cc(Cl)c1Cl,0.181388605
CCCCC(=O)OC,0.816078443
Nc1ccccc1,1.259884119
Cc1cccc2c(C)cccc12,-0.777327097
NS(=O)(=O)c2cc1c(NCNS1(=O)=O)cc2Cl ,0.200477022
C1=Cc2cccc3cccc1c23,-0.434212816
CCCCCOC(=O)CC,0.844711067
CCNc1nc(NC(C)C)nc(OC)n1,0.461033902
c1ccc2c(c1)cc3ccc4cccc5ccc2c3c45,-2.695712922
CCBr,0.935381044
CCC#CCC,0.50589168
CC1OC(CC(O)C1O)OC2C(O)CC(OC2C)OC8C(O)CC(OC7CCC3(C)C(CCC4C3CCC5(C)C(CCC45O)C6=CC(=O)OC6)C7)OC8C ,-1.070334285
CCC(=C)C,0.152755981
Oc1cccc2cccnc12 ,0.300691206
C1CCc2ccccc2C1,-0.629869082
Oc1ccc(cc1)C2(OC(=O)c3ccccc23)c4ccc(O)cc4 ,0.071630212
Brc1cc(Br)cc(Br)c1,-1.216837879
COP(=S)(OC)Oc1cc(Cl)c(Cl)cc1Cl,-1.274103128
Cc1cc(=O)[nH]c(=S)[nH]1,0.29305584
COc1cc(CC=C)ccc1O,0.711092154
O=C1NC(=O)NC(=O)C1(C(C)C)CC=C,0.640465014
c1cc2ccc3cccc4ccc(c1)c2c34,-1.491711072
CCOC(C)OCC,1.250339911
CC1(C)CON(Cc2ccccc2Cl)C1=O,0.33982246
CCCCOCCO,1.255112015
Clc1c(Cl)c(Cl)c(N(=O)=O)c(Cl)c1Cl,-1.321824168
CC12CCC(O)CC1CCC3C2CCC4(C)C3CCC4=O,-0.645139815
FC(F)(F)c1cccc(c1)N2CC(CCl)C(Cl)C2=O,-0.475730121
c1ccc2ncccc2c1,0.835166859
COC(=O)c1cc(O)c(O)c(O)c1 ,0.863799483
OC(Cn1cncn1)(Cn2cncn2)c3ccc(F)cc3F ,0.596561657
Clc2ccc1oc(=O)[nH]c1c2,0.10455773
Clc1ccc(c(Cl)c1)c2c(Cl)c(Cl)c(Cl)c(Cl)c2Cl,-2.323966017
O=C1NC(=O)C(=O)C(=O)N1 ,0.859027379
ClCCCCl,0.68245953
Fc1cccc(Br)c1,0.181388605
Clc1ccc(Br)cc1,-0.276733383
CC(C)C(C)C,-0.286277591
CCC=C,0.5297522
Clc1ccc(Cl)c(c1)c2cc(Cl)c(Cl)c(Cl)c2Cl,-2.20943552
Nc1cc[nH]c(=O)n1 ,0.904362368
FC(F)(Cl)C(F)(Cl)Cl,0.004820756
CCC#N,1.589159298
ClC(Cl)C(c1ccc(Cl)cc1)c2ccccc2Cl ,-1.651099347
COc1ccccc1N(=O)=O,0.520207992
CC34CCC1C(CC=C2CC(O)CCC12C)C3CCC4=O,-0.510566481
CC12CC2(C)C(=O)N(C1=O)c3cc(Cl)cc(Cl)c3,-0.835069556
c1cc2ccc3ccc4ccc5cccc6c(c1)c2c3c4c56,-2.847943041
CCC(C)c1cc(cc(N(=O)=O)c1O)N(=O)=O ,-0.157430782
c1c(OC)c(OC)C2C(=O)OCC2c1,0.549317827
OCC(O)CO,1.990016037
COc1ccccc1O ,0.520207992
CCOP(=S)(OCC)Oc1nc(Cl)c(Cl)cc1Cl ,-1.250242607
Cc1c2ccccc2cc3ccccc13,-1.355228896
Cc1cc(=O)n(c2ccccc2)n1C,1.796745824
CCCCOC,0.983102085
Cc2cnc1cncnc1n2,1.0480027
CCNc1nc(Cl)nc(NCC)n1 ,-0.715766955
CN(C)C(=O)C,1.985243933
CSc1nc(nc(n1)N(C)C)N(C)C,0.178525343
C=C,1.264656223
CC(C)(C)CCO,1.216935183
O=C1NC(=O)NC(=O)C1(CC)CC=C,0.685322792
Oc1ccc(Cl)c(Cl)c1Cl,0.181388605
COc1ccccc1,0.572701137
c1ccc(Cl)cc1C(c2ccc(Cl)cc2)(O)C(=O)OC(C)C,-0.706222747
CC13CCC(=O)C=C1CCC4C2CCC(C(=O)CO)C2(CC(O)C34)C=O ,-0.381719672
COc2ccc(Oc1ccc(NC(=O)N(C)C)cc1)cc2,-0.529654897
CCc1ccc(C)cc1,-0.028583972
CC(C)SC(C)C,0.386589079
O=N(=O)c1cccc(c1)N(=O)=O,0.362728559
CCOP(=S)(OCC)SCSP(=S)(OCC)OCC,-1.188205255
CCC1(C(C)C)C(=O)NC(=O)NC1=O ,0.400905391
CC(=O)OCC(=O)C3(O)CCC4C2CCC1=CC(=O)CCC1(C)C2C(=O)CC34C ,-0.553515417
Cc1ncc(N(=O)=O)n1CCO,0.873343692
Nc1ccc(Cl)cc1,0.663371114
CCCC(C)(C)CO,0.73018057
c1ccoc1,1.064227853
COCCCNc1nc(NC(C)C)nc(SC)n1,0.058268321
CN(C)C(=O)NC1CC2CC1C3CCCC23,-0.057693807
CC(C)(C)c1ccccc1,-0.291049695
CC(=O)CCC1C(=O)N(N(C1=O)c2ccccc2)c3ccccc3,-0.104937637
CC(=O)OCC(=O)C3(O)CCC4C2CCC1=CC(=O)C=CC1(C)C2C(O)CC34C ,-0.629869082
CCCOC,1.269428327
CC(C)OC(=O)C,1.193074662
Brc1ccccc1,0.238653854
CCOC(=O)c1ccc(O)cc1,0.334095935
O=C1N(COC(=O)CCC)C(=O)C(N1)(c2ccccc2)c3ccccc3,-0.964393575
CCC(=O)OC3CCC4C2CCC1=CC(=O)CCC1(C)C2CCC34C ,-1.107079486
c1cc2ccc3ccc4ccc5ccc6ccc1c7c2c3c4c5c67,-2.997787108
O=c1[nH]cnc2[nH]ncc12 ,0.374181609
ClC=C,0.620422177
CN(C)C(=O)C(c1ccccc1)c2ccccc2 ,0.03345338
BrC(Br)(Br)Br,-0.042900285
CCN2c1cc(N(C)C)cc(C)c1NC(=O)c3cccnc23 ,-0.868951494
O=C1NC(=O)c2ccccc12 ,0.21002123
OC(c1ccc(Cl)cc1)(c2cncnc2)c3ccccc3Cl,-0.634641186
COC(=O)c1ccccc1,0.572701137
Cn1ccc(=O)[nH]c1=O,1.070431589
CCCCC1C(=O)N(N(C1=O)c2ccc(O)cc2)c3ccccc3 ,-0.324454423
Clc1ccc(Cl)c(c1)c2cccc(Cl)c2Cl ,-1.632010931
CCC2NC(=O)c1cc(c(Cl)cc1N2)S(N)(=O)=O,-0.114481845
CN(C)C(=O)Nc1ccc(Cl)c(Cl)c1,-0.357859151
C1CC=CC1,0.453398536
C1(=O)NC(=O)NC(=O)C1(O)C2(O)C(=O)NC(=O)NC2(=O),0.50589168
CCCCCCCCC,-1.350456792
Oc1ccccc1Cl,0.949697356
c1cccc2c3c(C)cc4ccccc4c3ccc12,-1.689276179
CCOc1ccccc1,0.343640143
CCOC(=O)C=Cc1ccccc1,0.023909172
Cc1[nH]c(=O)n(c(=O)c1Cl)C(C)(C)C,0.270149741
Clc1ccccc1C2=NCC(=O)Nc3ccc(cc23)N(=O)=O,-0.21421882
Cc1ccc(cc1)S(=O)(=O)N,0.625194281
CC(OC(=O)Nc1cccc(Cl)c1)C#C,0.206680757
CCCCCC(C)C,-0.968688469
CC1(C)C(C=C(Cl)C(F)(F)F)C1C(=O)OC(C#N)c2cccc(Oc3ccccc3)c2,-2.44613188
CCCC1C(=O)N3N(C1=O)c2cc(C)ccc2N=C3N(C)C ,-0.232830026
CN2C(=O)CN=C(c1ccccc1)c3cc(Cl)ccc23,-0.335907473
CCC(O)C(C)C,1.121493102
CCOP(=S)(OCC)Oc1ccc(cc1)S(C)=O ,0.357956455
CC1(C)C2CCC1(C)C(O)C2,0.348412247
CC12CCC3C(CCC4=CC(=O)CCC34C)C2CCC1O,-0.46284544
CCCCCCC,-0.706222747
Oc1cccc2ccccc12,0.396133287
C/C1CCCCC1\C,-0.596464354
COc2cc1c(N)nc(nc1c(OC)c2OC)N3CCN(CC3)C(=O)OCC(C)(C)O ,-0.280551066
C1Cc2c3c1cccc3cc4c2ccc5ccccc54,-2.290561289
CC(=O)C3(C)CCC4C2C=C(C)C1=CC(=O)CCC1(C)C2CCC34C,-1.059358446
CCCCCC(=O)C,0.763585299
COP(=O)(NC(C)=O)SC ,1.713234003
CCCCSP(=O)(SCCCC)SCCCC,-0.997321093
c1cC2C(=O)NC(=O)C2cc1,0.056359479
NS(=O)(=O)c2cc1c(NC(NS1(=O)=O)C(Cl)Cl)cc2Cl ,0.176616501
CC=C(C)C,0.23388175
Cc1ccc(C)c(C)c1,-0.124026053
Oc1cc(Cl)c(Cl)cc1Cl,0.400905391
c1ccc2c(c1)cnc3ccccc23 ,0.128895461
CCCC(C)(O)CC,0.987874189
CCCCCCCC,-1.045042134
c1ccc2cc3ccccc3cc2c1,-1.574745682
NNc1ccccc1,1.488945113
CCC=O,1.732322419
C1CCCCCCC1,-0.524882793
O=C1NC(=O)NC(=O)C1(CC=C)CC=C,0.464374375
ClC(Cl)Cl,0.897204212
Sc1nccc(=O)[nH]1 ,0.370841136
Clc1ccc(CN(C2CCCC2)C(=O)Nc3ccccc3)cc1,-1.367159156
CC1=CCCCC1,-0.104937637
CCCCC(CC)C=O,0.439082224
COc2c1occc1c(OC)c3c(=O)cc(C)oc23 ,0.013887753
O=C1NC(=O)NC(=O)C1(CC)CCC(C)C,0.18711513
c1ccc2c3c(ccc2c1)c4cccc5cccc3c45,-2.362142849
CCC(CC)C=O,0.73018057
CCCOCCC,0.68245953
CCCCCCCCCCCCCCO,-1.331368376
Oc1c(Cl)ccc(Cl)c1Cl,0.195704918
NC(=O)N,1.913662373
CCCC#C,0.672915322
Brc1cccc(Br)c1,-0.233784446
CCCCCCCCCCCCCCCCCCO,-2.553027011
CC(=O)Nc1ccccc1,0.820850547
c1cc(O)c(O)c2OCC3(O)CC4=CC(=O)C(O)=CC4=C3c21,0.167072293
c1nccc(C(=O)NN)c1,1.459835278
OC1C=CC2C1C3(Cl)C(=C(Cl)C2(Cl)C3(Cl)Cl)Cl ,-1.150028422
CC(C)CCOC=O,0.73018057
CC(=O)c1ccccc1,0.844711067
c2ccc1nc(ccc1c2)c4ccc3ccccc3n4 ,-1.121395798
CCOP(=O)(OCC)OCC,1.660740859
CC2(C)C1CCC(C)(C1)C2=O,0.572701137
COc2cnc1cncnc1n2,1.021278917
ClC2=C(Cl)C3(Cl)C1C=CCC1C2(Cl)C3(Cl)Cl ,-1.235926295
CC(C)N(=O)=O,1.159669934
c1ccc2c(c1)[nH]c3ccccc32,-1.059358446
OCC(O)C(O)CO,1.789587668
CCCOC(=O)c1ccc(N)cc1,0.285420474
CNC(=O)C=C(C)OP(=O)(OC)OC,1.766204358
O=C1CCC(=O)N1,1.598703506
CCC(C)C(C)C,-0.586920145
CCCCc1c(C)nc(NCC)nc1OS(=O)(=O)N(C)C ,-0.529654897
CCN2c1ncccc1N(C)C(=S)c3cccnc23 ,-0.755852629
O2c1ccccc1N(CC)C(=O)c3ccccc23 ,-0.300593903
C1CCOCC1,1.441224073
CCCCCC#C,0.019137068
c1cc2ccc(OC)c(CC=C(C)(C))c2oc1=O ,-0.603145299
c1cc(C)cc2c1c3cc4cccc5CCc(c45)c3cc2,-2.323966017
CCOC(=O)c1ccccc1,0.348412247
ClCC(C)C,0.501119576
CC34CCC1C(CCc2cc(O)ccc12)C3CCC4(O)C#C ,-0.596464354
CCCCCCCCCCCC(=O)OC,-0.782576411
CCCSCCC,0.224337542
c1ccc2cc3cc4ccccc4cc3cc2c1,-2.648469092
CCCCCBr,-0.01426766
CCCC/C=C/C,-0.36740336
Cc1ncc(N(=O)=O)n1CCO ,0.854255275
CCCCCC1CCCC1,-1.445898873
Clc1ccc(Cl)c(c1)c2c(Cl)c(Cl)cc(Cl)c2Cl ,-2.085360815
O=C1NC(=O)NC(=O)C1(CC)C(C)C,0.430492436
CC(Cl)(Cl)Cl,0.501119576
CON(C)C(=O)Nc1ccc(Cl)cc1,0.229109646
O=C2NC(=O)C1(CCCCC1)C(=O)N2,-0.004723452
CN(C)C(=O)OC1=CC(=O)CC(C)(C)C1 ,1.049911541
Cc1ccc(Br)cc1,-0.066760805
CCOCC,1.412591448
CC(C)NC(=O)N1CC(=O)N(C1=O)c2cc(Cl)cc(Cl)c2,-0.632732344
CCCCN(CC)c1c(cc(cc1N(=O)=O)C(F)(F)F)N(=O)=O,-1.183433151
Cc1cc(C)c(O)c(C)c1,0.477259056
c1ccccc1,0.672915322
Clc1ccc(I)cc1,-0.467617544
COc1ccc(NC(=O)N(C)C)cc1Cl,0.231972908
CC(C)N(C(=O)CCl)c1ccccc1 ,0.272058582
C=Cc1ccccc1,0.109807045
COCOC,1.684601379
Cc1ccccc1C,0.119351253
CCC(C)O,1.679829275
Oc1ccc(O)cc1,1.374414616
CC34CCC1C(CCc2cc(O)ccc12)C3CC(O)C4O ,-0.909037168
C1c2ccccc2c3cc4ccccc4cc13,-2.381231265
O=C1CNC(=O)N1 ,1.264656223
c1(O)cc(O)ccc1CCCCCC,0.219565438
C=CCS(=O)SCC=C,1.059455749
CCOP(=S)(OCC)Oc2ccc1oc(=O)c(Cl)c(C)c1c2,-1.112806011
Cc1c(C)c2c3ccccc3ccc2c4ccccc14,-1.889704549
CCCCC(=O)OC3(C(C)CC4C2CCC1=CC(=O)C=CC1(C)C2(F)C(O)CC34C)C(=O)CO,-0.792120619
O=c2[nH]c(=O)c1[nH]c(=O)[nH]c1[nH]2 ,-0.419896504
Oc1c(Cl)cc(Cl)c(Cl)c1Cl,-0.023811868
Clc1cccc(Cl)c1,0.004820756
Clc1ccc(cc1)C(c2ccc(Cl)cc2)C(Cl)(Cl)Cl,-1.956514006
CC(C)COC=O,0.973557876
c1ccccc1SC,0.315007519
CCN2c1nc(C)cc(C(F)(F)F)c1NC(=O)c3cccnc23 ,-0.552083786
CCCCCC,-0.376947568
COC(=O)c1cccnc1 ,1.236023599
NS(=O)(=O)c3cc2c(NC(Cc1ccccc1)NS2(=O)=O)cc3C(F)(F)F,-0.257644967
Clc1ccc(cc1Cl)c2cc(Cl)c(Cl)c(Cl)c2Cl ,-2.276244976
CC1(OC(=O)N(C1=O)c2cc(Cl)cc(Cl)c2)C=C,-0.894720856
CCNc1nc(Cl)nc(NC(C)(C)C#N)n1,-0.047672389
c1ccc2c(c1)c3ccccc3c4ccccc24,-1.754176794
CC=C(C(=CC)c1ccc(O)cc1)c2ccc(O)cc2,-0.906651116
CCCCC(CC)COC(=O)c1ccccc1C(=O)OCC(CC)CCCC,-1.865844029
CCc1ccccn1,1.698917691
COP(=O)(OC)OC(Br)C(Cl)(Cl)Br,0.367500663
c1ccc(cc1)c2ccccc2,-0.617938822
Clc1cc(Cl)c(c(Cl)c1)c2c(Cl)cc(Cl)cc2Cl ,-2.700962236
CN(C)c1nc(nc(n1)N(C)C)N(C)C,-0.149795415
CC(C)CC(C)(C)O,1.016506813
O=C2NC(=O)C1(CCCCCC1)C(=O)N2 ,-0.056262176
OCC1OC(O)(CO)C(O)C1O,1.760955043
Cc1cc(C)cc(O)c1,0.787445819
ClCC#CCOC(=O)Nc1cccc(Cl)c1,-0.629869082
CC(=O)Nc1ccc(Cl)cc1,0.098831205
Clc1ccc(Cl)c(c1)c2c(Cl)c(Cl)c(Cl)c(Cl)c2Cl,-2.810720629
CCC(C)(C)C,-0.23855655
CNc1ccccc1,0.844711067
C=CCC=C,0.45817064
CC(=O)OCC(=O)C1(O)CCC2C3CCC4=CC(=O)CCC4(C)C3C(O)CC21C,-0.873246388
Cc1cc(cc(N(=O)=O)c1O)N(=O)=O,0.760722036
OC3N=C(c1ccccc1Cl)c2cc(Cl)ccc2NC3=O,-0.264325912
Oc1cccc(Cl)c1,1.121493102
Clc1cccc(Br)c1,-0.076305013
NS(=O)(=O)c2cc1c(N=CNS1(=O)=O)cc2Cl ,4.87E-05
O=C1NC(=O)NC(=O)C1(C)CC,0.869526008
OCCOc1ccccc1,1.121493102
C(c1ccccc1)c2ccccc2,-0.491478065
CCCCCC(O)CC,0.510663784
CCN(Cc1c(F)cccc1Cl)c2c(cc(cc2N(=O)=O)C(F)(F)F)N(=O)=O,-1.779946156
CC(C)Nc1nc(Cl)nc(NC(C)C)n1,-0.658501706
CCCC(C)CO,0.925836836
CCCCC(C)(C)O,0.940153148
CCc1ccccc1,0.133667565
O=C1NC(=O)NC(=O)C1(CC)CC=C(C)C,0.380385344
ClC1C=CC2C1C3(Cl)C(=C(Cl)C2(Cl)C3(Cl)Cl)Cl,-1.558997739
CCC(C)C1(CC(Br)=C)C(=O)NC(=O)NC1=O ,0.192364445
CC1(C)C(C(=O)OC(C#N)c2cccc(Oc3ccccc3)c2)C1(C)C,-1.419652301
COC(C)(C)CCCC(C)CC=CC(C)=CC(=O)OC(C)C,-1.021181613
CCOC(=O)CC,1.140581518
CSc1nc(NC(C)C)nc(NC(C)C)n1,-0.501022273
CC(C#C)N(C)C(=O)Nc1ccc(Cl)cc1,-0.405580192
Cc1cc2ccccc2cc1C,-0.796892723
Clc1ccc(cc1)c2cc(Cl)ccc2Cl ,-1.527024642
Clc1ccc(c(Cl)c1)c2cc(Cl)c(Cl)c(Cl)c2Cl ,-2.071044503
NC(N)=NC#N ,1.307605159
ClC(Cl)(Cl)N(=O)=O,0.501119576
Clc1cccc(Cl)c1c2ccccc2 ,-1.030725821
COc1ccc(C=O)cc1,0.744496882
CC(=O)Nc1ccc(cc1)N(=O)=O,0.170889976
CCCCCCC(=O)OCC,0.147983877
CC(=O)Nc1ccc(O)cc1,0.964013668
c2ccc1[nH]ncc1c2 ,0.424765912
CC5(C)OC4CC3C2CCC1=CC(=O)C=CC1(C)C2(F)C(O)CC3(C)C4(O5)C(=O)CO ,-0.601236458
Nc2nc1[nH]cnc1c(=O)[nH]2 ,-0.254304494
COC(=O)C,1.675057171
CC34CCC1C(CCC2CC(=O)CCC12C)C3CCC4O ,-0.807868563
CCCC(O)C=C,1.173986246
OC(C1=CC2C5C(C1C2=C(c3ccccc3)c4ccccn4)C(=O)NC5=O)(c6ccccc6)c7ccccn7 ,-0.420373714
CCCCOCCCC,0.572701137
CCCCCCCCCCCCO,-0.835069556
CCN2c1nc(N(C)(CCO))ccc1NC(=O)c3cccnc23 ,-0.147886574
CCCC(C)(C)O,1.221707287
Nc1nc(=O)[nH]cc1F,0.991691872
CCCCOc1ccc(C(=O)OCC)c(c1)N(CC)CC ,-0.376947568
CCCCCC(C)(C)O,0.634738489
Cc1c(C)c(C)c(C)c(C)c1C,-1.040270029
CC(C)c1ccc(C)cc1O,0.396133287
c2cnc1ncncc1n2,1.465084593
CCOP(=S)(OCC)Oc1ccc(cc1)N(=O)=O,-0.768260099
C,1.026051021
c2ccc1NCCc1c2 ,0.959241564
O=N(=O)c1cccc2ccccc12,-0.233784446
CCC(C)C(=O)C,1.135809414
Nc1nc(O)nc2nc[nH]c12 ,-0.1674522
OC(CC(c1ccccc1)c3c(O)c2ccccc2oc3=O)c4ccc(cc4)c5ccc(Br)cc5 ,-0.665659862
CN(=O)=O,1.57961509
CC(C)N(C(C)C)C(=O)SCC(Cl)=C(Cl)Cl,-0.873246388
C=CCCC=C,0.176616501
c2ccc1[nH]ccc1c2,0.73018057
CC34CCC1C(CCC2=CC(=O)CCC12C)C3CCC4=O,-0.305366007
CCCCC=C,-0.085849221
Cc1cccc(C)c1NC(=O)c2cc(c(Cl)cc2O)S(N)(=O)=O,-0.353087047
CCC1CCCCC1,-0.572603833
CCCCCCCC(=O)C,0.224337542
COC(=O)Nc2nc1ccc(cc1[nH]2)C(=O)c3ccccc3,-0.396035984
CC(C)OC(=O)Nc1cccc(Cl)c1,-0.157430782
CCN2c1nc(Cl)ccc1N(C)C(=O)c3cccnc23 ,-0.507703218
CNC(=O)Oc1cccc2ccccc12,-0.082985959
C#C,1.593931402
Cc1cncc(C)c1,1.636880338
C1C=CCC=C1,0.472486952
CCOC(=O)N(C)C(=O)CSP(=S)(OCC)OCC,0.253924587
CC(O)c1ccccc1,1.016506813
CC(Cl)CCl,0.692003738
CCCC=C(CC)C=O,0.28160279
CCOP(=S)(OCC)SCCSCC,-0.563059625
CC(=O)OC3(C)CCC4C2CCC1=CC(=O)CCC1(C)C2CCC34C ,-1.066039391
Clc1ccc(cc1)c2c(Cl)cccc2Cl ,-1.474531497
Fc1cccc(F)c1C(=O)NC(=O)Nc2ccc(Cl)cc2,-1.417266249
Oc1cc(Cl)ccc1Oc2ccc(Cl)cc2Cl,-0.672818018
c1(C(=O)OCCCCCC(C)(C))c(C(=O)OCCCCCC(C)(C))cccc1,-1.711705068
CC12CC(O)C3C(CCC4=CC(=O)CCC34C)C2CCC1C(=O)CO,-0.090621325
Cc1cc(C)cc(C)c1,-0.16697499
CCCCCCCCOC(=O)c1ccccc1C(=O)OCCCCCCCC ,-0.985390833
CCCCCCCCCCCCCCCO,-1.574745682
Clc1cccc(Cl)c1c2c(Cl)cccc2Cl ,-2.071044503
O=C1NC(=O)NC(=O)C1(C)C,0.624239861
CC(C)I,0.45817064
O=N(=O)c1ccccc1N(=O)=O,-0.023811868
CC(C)C(=O)C,1.398275136
CCCCCCCCCCCCCCCC,-2.553027011
CC12CCC(CC1)C(C)(C)O2,0.625194281
Cc2cccc3sc1nncn1c23 ,0.467714848
CCCCCCC(=O)C,0.477259056
CCCCCCCCC(=O)OC,-0.157430782
Fc1ccc(F)cc1,0.515435888
O=C1N(C2CCC(=O)NC2=O)C(=O)c3ccccc13,0.178525343
CCCN(CCC)c1c(cc(cc1N(=O)=O)C(F)(F)F)N(=O)=O,-1.255014711
CCO,1.980471829
O=C2NC(=O)C1(CCCC1)C(=O)N2,0.334573145
c1c(NC(=O)OC(C)C(=O)NCC)cccc1,0.582245345
CC(C)=CC3C(C(=O)OCc2cccc(Oc1ccccc1)c2)C3(C)C ,-1.045042134
CN(C)C(=O)NC1CCCCCCC1,0.397087708
ClC1(C2(Cl)C3(Cl)C4(Cl)C5(Cl)C1(Cl)C3(Cl)Cl)C5(Cl)C(Cl)(Cl)C24Cl,-1.789490364
CCCCCCCCBr,-0.959144261
CCCCNC(=O)n1c(NC(=O)OC)nc2ccccc12,-0.874678019
CN(C)c2c(C)n(C)n(c1ccccc1)c2=O ,1.281835798
CCC(O)CC,1.341009888
Cc1ccc(cc1)N(=O)=O,0.267286478
CC(C)CCCO,0.911520524
CC34CCC1C(CCC2=CC(=O)CCC12O)C3CCC4(O)C#C,-0.725311163
CC(C)OC(=O)C(O)(c1ccc(Br)cc1)c2ccc(Br)cc2 ,-0.897106908
Nc2cnn(c1ccccc1)c(=O)c2Cl,0.082128841
CCC(C)(C)O,1.527121945
Cc1ccc(O)cc1,1.10717679
CCOC=O,1.527121945
CN(C)c1ccccc1,0.539296409
C1CCC2CCCCC2C1,-1.021181613
CCCCS,0.415221703
c1ccc2c(c1)c3cccc4ccc5cccc2c5c43,-2.266700768
ClC(=C(Cl)Cl)Cl,0.243425958
CCC(=O)CC,1.321921472
C=CC#N,1.527121945
CC1CC2C3CC(F)C4=CC(=O)C=CC4(C)C3(F)C(O)CC2(C)C1(O)C(=O)CO,-1.223041614
CCCCC(=O)C,1.073772061
CCNc1nc(NC(C)(C)C)nc(OC)n1,-0.090144115
CCCCC(C)CC,-1.006865301
BrCCBr,0.653826906
CNC(=O)Oc1ccccc1C(C)C,0.089286997
O=C1NCCN1c2ncc(s2)N(=O)=O,-0.081077117
C1c2ccccc2c3ccc4ccccc4c13,-1.732225116
COc1ccccc1Cl,0.28160279
COP(=S)(OC)Oc1cc(Cl)c(Br)cc1Cl,-1.450670977
ClC(Cl)CC(=O)NC2=C(Cl)C(=O)c1ccccc1C2=O,-0.944827949
ClC(Cl)C(c1ccc(Cl)cc1)c2ccc(Cl)cc2 ,-1.980374526
COC(=O)C=C,1.350554096
CN(C)C(=O)Nc2ccc(Oc1ccc(Cl)cc1)cc2,-0.878018492
N(=Nc1ccccc1)c2ccccc2,-0.668045914
CC(C)c1ccc(C)cc1,-0.343542839
Oc1c(Cl)cccc1Cl,0.601333761
OCC2OC(OC1(CO)OC(CO)C(O)C1O)C(O)C(O)C2O ,1.832536604
OC1C(O)C(O)C(O)C(O)C1O,1.622564026
Cn2c(=O)n(C)c1ncn(CC(O)CO)c1c2=O,1.374414616
OCC(NC(=O)C(Cl)Cl)C(O)c1ccc(cc1)N(=O)=O,0.448149221
CCC(O)(CC)CC,1.049911541
CC45CCC2C(CCC3CC1SC1CC23C)C4CCC5O,-1.126167902
Brc1ccccc1Br,-0.21469603
Oc1c(Cl)cc(Cl)cc1Cl,0.338868039
CCCN(CCC)c1c(cc(cc1N(=O)=O)S(N)(=O)=O)N(=O)=O,-1.006865301
C2c1ccccc1N(CCF)C(=O)c3ccccc23 ,-0.834592345
CC(C)C(=O)C(C)C,0.835166859
O=C1NC(=O)NC(=O)C1(C(C)C)CC=C(C)C,0.218133807
c1c(O)C2C(=O)C3cc(O)ccC3OC2cc1(OC),0.051110165
Cn1cnc2n(C)c(=O)n(C)c(=O)c12,1.037504071
CC(=O)SC4CC1=CC(=O)CCC1(C)C5CCC2(C)C(CCC23CCC(=O)O3)C45,-0.535858632
Cc1ccc(O)cc1C,0.796990027
O(c1ccccc1)c2ccccc2,-0.434212816
Clc1cc(Cl)c(cc1Cl)c2cc(Cl)c(Cl)cc2Cl ,-2.629380676
NC(=O)c1cccnc1 ,1.746638731
Sc1ccccc1,0.443854328
CNC(=O)Oc1cc(C)cc(C)c1,0.223860331
ClC1CC2C(C1Cl)C3(Cl)C(=C(Cl)C2(Cl)C3(Cl)Cl)Cl,-1.818122988
CSSC,0.768357403
NC(=O)c1ccccc1,0.997418397
Clc1ccccc1Br,-0.066760805
COC(=O)c1ccccc1OC2OC(COC3OCC(O)C(O)C3O)C(O)C(O)C2O,1.101450265
CCCCC(O)CC,0.75404109
CCN2c1nc(C)cc(C)c1NC(=O)c3cccnc23 ,-0.717675796
Oc1cc(Cl)cc(Cl)c1,0.816078443
Cc1cccc2c1ccc3ccccc32,-1.33614048
CCCCC(CC)CO,0.448626432
CC(C)N(C(C)C)C(=O)SCC(=CCl)Cl,-0.589783408
Cc1ccccc1,0.400905391
Clc1cccc(n1)C(Cl)(Cl)Cl,-0.338770735
C1CCC=CCC1,-0.061988701
CN(C)C(=S)SSC(=S)N(C)C ,-0.405580192
COC1=CC(=O)CC(C)C13Oc2c(Cl)c(OC)cc(OC)c2C3=O,-0.093484587
CCCCCCCCCCO,-0.276733383
CCC(C)(C)CC,-0.563059625
CNC(=O)C(C)SCCSP(=O)(OC)(OC),2.001469087
Oc1cc(Cl)c(Cl)c(Cl)c1Cl,-0.047672389
CCCC=O,1.450768281
CC4CC3C2CCC1=CC(=O)C=CC1(C)C2(F)C(O)CC3(C)C4(O)C(=O)COC(C)=O ,-0.882790596
CCCC,0.229109646
COc1ccccc1O,0.520207992
CC1CC2C3CCC(O)(C(=O)C)C3(C)CC(O)C2(F)C4(C)C=CC(=O)C=C14,-0.500545062
ClC(Cl)C(Cl)(Cl)Cl,0.214793334
CCOC(=O)c1ccccc1C(=O)OCC,0.334095935
CC(C)CO,1.503261425
CC(C)Cc1ccccc1,-0.510566481
ICI,0.338868039
CCCC(O)CCC,0.787445819
CCCCCOC(=O)C,0.553612721
Oc1c(Cl)c(Cl)cc(Cl)c1Cl,-0.152658678
CCCc1ccccc1,-0.152658678
FC(F)(Cl)C(F)(F)Cl,0.147983877
CC=CC=O,1.608247714
CN(C)C(=O)N(C)C ,1.904118165
Cc1cc(C)c(C)cc1C,-0.734855371
CC(=O)OC3(CCC4C2CCC1=CC(=O)CCC1C2CCC34C)C#C,-0.835069556
CCOP(=S)(OCC)N2C(=O)c1ccccc1C2=O,-0.14311447
c1ccccc1NC(=O)c2c(O)cccc2,-0.257644967
CCN(CC)C(=S)SCC(Cl)=C,-0.162202886
ClCC,0.949697356
CC(=O)Nc1cc(NS(=O)(=O)C(F)(F)F)c(C)cc1C,-0.090621325
O=C(C=CC=Cc2ccc1OCOc1c2)N3CCCCC3,-0.195607614
CC/C=C\C,0.243425958
CNC(=O)ON=C(CSC)C(C)(C)C ,0.68245953
O=C2NC(=O)C1(CCCCCCC1)C(=O)N2,0.032498959
c1(C(C)(C)C)cc(C(C)(C)C)cc(OC(=O)NC)c1,-0.567831729
Oc2cc(O)c1C(=O)CC(Oc1c2)c3ccc(O)c(O)c3,-0.271961279
O=C(c1ccccc1)c2ccccc2,-0.033356077
CCCCCCCCCCCCCCCCCCCC,-2.444223039
N(Nc1ccccc1)c2ccccc2 ,0.062086004
CCC(CC)CO,0.897204212
Oc1ccncc1,1.942294997
Cl\C=C/Cl,0.835166859
CC1CCCC1,-0.119253949
CC(C)CC(C)O,1.073772061
O2c1ccc(N)cc1N(C)C(=O)c3cc(C)ccc23 ,-0.418942083
CC(C)(C)CO,1.264656223
CC(C)(C)C(=O)C(Oc1ccc(Cl)cc1)n2cncn2,-0.267189175
Cc1cc(no1)C(=O)NNCc2ccccc2,0.28112558
CC=C,0.940153148
Oc1ccc(Cl)cc1Cc2cc(Cl)ccc2O,-0.430872343
CCOC(=O)Nc2cccc(OC(=O)Nc1ccccc1)c2 ,-0.754898208
O=C1c2ccccc2C(=O)c3ccccc13,-1.021181613
CCCCCCC(C)O,0.45817064
CC1=C(C(=O)Nc2ccccc2)S(=O)(=O)CCO1,0.367023453
CCCCc1ccccc1,-0.481933857
O=C1NC(=O)C(=O)N1 ,1.264656223
COP(=S)(OC)Oc1ccc(Sc2ccc(OP(=S)(OC)OC)cc2)cc1,-1.520820907
NS(=O)(=O)c1cc(ccc1Cl)C2(O)NC(=O)c3ccccc23,-0.19131272
CC(C)COC(=O)C,0.878115796
CC(C)C(C)(C)C,-0.625096978
Clc1ccc(c(Cl)c1Cl)c2c(Cl)cc(Cl)c(Cl)c2Cl ,-2.199891312
N#Cc1ccccc1C#N,0.319779623
Cc1cccc(c1)N(=O)=O,0.291146998
FC(F)(F)C(Cl)Br ,0.639510593
CNC(=O)ON=C(SC)C(=O)N(C)C,1.506124688
CCSCCSP(=S)(OC)OC,-0.019516975
CCC(C)C,-0.061988701
COP(=O)(OC)OC(=CCl)c1cc(Cl)c(Cl)cc1Cl,-0.702405063
